timestamp,machine,load,temp,fan_speed,power
2026-05-24T12:00:00.000Z,marseille-marseille-zone-01-master-01,12.0,24.33,20.0,171.6
2026-05-24T12:00:00.000Z,marseille-marseille-zone-01-master-02,12.0,24.23,20.0,171.6
2026-05-24T12:00:00.000Z,marseille-marseille-zone-01-worker-01,92.0,80.72,15.0,432.6
2026-05-24T12:00:00.000Z,marseille-marseille-zone-01-worker-02,92.0,64.34,20.0,435.6
2026-05-24T12:00:00.000Z,marseille-marseille-zone-01-worker-03,92.0,64.38,20.0,435.6
2026-05-24T12:00:00.000Z,marseille-marseille-zone-01-worker-04,92.0,64.31,20.0,435.6
2026-05-24T12:00:00.000Z,marseille-marseille-zone-01-worker-05,92.0,64.45,20.0,435.6
2026-05-24T12:00:00.000Z,marseille-marseille-zone-01-worker-06,92.0,64.42,20.0,435.6
2026-05-24T12:00:00.000Z,marseille-marseille-zone-01-worker-07,92.0,64.3,20.0,435.6
2026-05-24T12:00:00.000Z,marseille-marseille-zone-01-worker-08,92.0,64.43,20.0,435.6
2026-05-24T13:00:00.000Z,marseille-marseille-zone-01-master-01,12.0,24.24,20.0,171.6
2026-05-24T13:00:00.000Z,marseille-marseille-zone-01-master-02,12.0,24.24,20.0,171.6
2026-05-24T13:00:00.000Z,marseille-marseille-zone-01-worker-01,40.0,54.12,15.0,261.0
2026-05-24T13:00:00.000Z,marseille-marseille-zone-01-worker-02,40.0,38.39,20.0,264.0
2026-05-24T13:00:00.000Z,marseille-marseille-zone-01-worker-03,40.0,38.46,20.0,264.0
2026-05-24T13:00:00.000Z,marseille-marseille-zone-01-worker-04,40.0,38.22,20.0,264.0
2026-05-24T13:00:00.000Z,marseille-marseille-zone-01-worker-05,40.0,38.45,20.0,264.0
2026-05-24T13:00:00.000Z,marseille-marseille-zone-01-worker-06,40.0,38.34,20.0,264.0
2026-05-24T13:00:00.000Z,marseille-marseille-zone-01-worker-07,40.0,38.44,20.0,264.0
2026-05-24T13:00:00.000Z,marseille-marseille-zone-01-worker-08,40.0,38.47,20.0,264.0
2026-05-24T14:00:00.000Z,marseille-marseille-zone-01-master-01,12.0,24.36,20.0,171.6
2026-05-24T14:00:00.000Z,marseille-marseille-zone-01-master-02,12.0,24.26,20.0,171.6
2026-05-24T14:00:00.000Z,marseille-marseille-zone-01-worker-01,40.0,54.36,15.0,261.0
2026-05-24T14:00:00.000Z,marseille-marseille-zone-01-worker-02,40.0,38.37,20.0,264.0
2026-05-24T14:00:00.000Z,marseille-marseille-zone-01-worker-03,40.0,38.48,20.0,264.0
2026-05-24T14:00:00.000Z,marseille-marseille-zone-01-worker-04,40.0,38.49,20.0,264.0
2026-05-24T14:00:00.000Z,marseille-marseille-zone-01-worker-05,40.0,38.41,20.0,264.0
2026-05-24T14:00:00.000Z,marseille-marseille-zone-01-worker-06,40.0,38.34,20.0,264.0
2026-05-24T14:00:00.000Z,marseille-marseille-zone-01-worker-07,40.0,38.48,20.0,264.0
2026-05-24T14:00:00.000Z,marseille-marseille-zone-01-worker-08,40.0,38.4,20.0,264.0
2026-05-24T15:00:00.000Z,marseille-marseille-zone-01-master-01,12.0,24.44,20.0,171.6
2026-05-24T15:00:00.000Z,marseille-marseille-zone-01-master-02,12.0,24.32,20.0,171.6
2026-05-24T15:00:00.000Z,marseille-marseille-zone-01-worker-01,40.0,54.35,15.0,261.0
2026-05-24T15:00:00.000Z,marseille-marseille-zone-01-worker-02,40.0,38.41,20.0,264.0
2026-05-24T15:00:00.000Z,marseille-marseille-zone-01-worker-03,40.0,38.43,20.0,264.0
2026-05-24T15:00:00.000Z,marseille-marseille-zone-01-worker-04,40.0,38.42,20.0,264.0
2026-05-24T15:00:00.000Z,marseille-marseille-zone-01-worker-05,40.0,38.31,20.0,264.0
2026-05-24T15:00:00.000Z,marseille-marseille-zone-01-worker-06,40.0,38.2,20.0,264.0
2026-05-24T15:00:00.000Z,marseille-marseille-zone-01-worker-07,40.0,38.46,20.0,264.0
2026-05-24T15:00:00.000Z,marseille-marseille-zone-01-worker-08,40.0,38.34,20.0,264.0
2026-05-24T16:00:00.000Z,marseille-marseille-zone-01-master-01,12.0,24.38,20.0,171.6
2026-05-24T16:00:00.000Z,marseille-marseille-zone-01-master-02,12.0,24.42,20.0,171.6
2026-05-24T16:00:00.000Z,marseille-marseille-zone-01-worker-01,40.0,54.29,15.0,261.0
2026-05-24T16:00:00.000Z,marseille-marseille-zone-01-worker-02,40.0,38.23,20.0,264.0
2026-05-24T16:00:00.000Z,marseille-marseille-zone-01-worker-03,40.0,38.48,20.0,264.0
2026-05-24T16:00:00.000Z,marseille-marseille-zone-01-worker-04,40.0,38.34,20.0,264.0
2026-05-24T16:00:00.000Z,marseille-marseille-zone-01-worker-05,40.0,38.21,20.0,264.0
2026-05-24T16:00:00.000Z,marseille-marseille-zone-01-worker-06,40.0,38.27,20.0,264.0
2026-05-24T16:00:00.000Z,marseille-marseille-zone-01-worker-07,40.0,38.35,20.0,264.0
2026-05-24T16:00:00.000Z,marseille-marseille-zone-01-worker-08,40.0,38.41,20.0,264.0
2026-05-24T17:00:00.000Z,marseille-marseille-zone-01-master-01,12.0,24.31,20.0,171.6
2026-05-24T17:00:00.000Z,marseille-marseille-zone-01-master-02,12.0,24.39,20.0,171.6
2026-05-24T17:00:00.000Z,marseille-marseille-zone-01-worker-01,40.0,54.1,15.0,261.0
2026-05-24T17:00:00.000Z,marseille-marseille-zone-01-worker-02,40.0,38.37,20.0,264.0
2026-05-24T17:00:00.000Z,marseille-marseille-zone-01-worker-03,40.0,38.41,20.0,264.0
2026-05-24T17:00:00.000Z,marseille-marseille-zone-01-worker-04,40.0,38.3,20.0,264.0
2026-05-24T17:00:00.000Z,marseille-marseille-zone-01-worker-05,40.0,38.4,20.0,264.0
2026-05-24T17:00:00.000Z,marseille-marseille-zone-01-worker-06,40.0,38.32,20.0,264.0
2026-05-24T17:00:00.000Z,marseille-marseille-zone-01-worker-07,40.0,38.43,20.0,264.0
2026-05-24T17:00:00.000Z,marseille-marseille-zone-01-worker-08,40.0,38.48,20.0,264.0
2026-05-24T18:00:00.000Z,marseille-marseille-zone-01-master-01,12.0,24.28,20.0,171.6
2026-05-24T18:00:00.000Z,marseille-marseille-zone-01-master-02,12.0,24.48,20.0,171.6
2026-05-24T18:00:00.000Z,marseille-marseille-zone-01-worker-01,40.0,54.08,15.0,261.0
2026-05-24T18:00:00.000Z,marseille-marseille-zone-01-worker-02,40.0,38.31,20.0,264.0
2026-05-24T18:00:00.000Z,marseille-marseille-zone-01-worker-03,40.0,38.43,20.0,264.0
2026-05-24T18:00:00.000Z,marseille-marseille-zone-01-worker-04,40.0,38.21,20.0,264.0
2026-05-24T18:00:00.000Z,marseille-marseille-zone-01-worker-05,40.0,38.36,20.0,264.0
2026-05-24T18:00:00.000Z,marseille-marseille-zone-01-worker-06,40.0,38.29,20.0,264.0
2026-05-24T18:00:00.000Z,marseille-marseille-zone-01-worker-07,40.0,38.37,20.0,264.0
2026-05-24T18:00:00.000Z,marseille-marseille-zone-01-worker-08,40.0,38.31,20.0,264.0
2026-05-24T19:00:00.000Z,marseille-marseille-zone-01-master-01,12.0,24.45,20.0,171.6
2026-05-24T19:00:00.000Z,marseille-marseille-zone-01-master-02,12.0,24.42,20.0,171.6
2026-05-24T19:00:00.000Z,marseille-marseille-zone-01-worker-01,40.0,54.26,15.0,261.0
2026-05-24T19:00:00.000Z,marseille-marseille-zone-01-worker-02,40.0,38.36,20.0,264.0
2026-05-24T19:00:00.000Z,marseille-marseille-zone-01-worker-03,40.0,38.23,20.0,264.0
2026-05-24T19:00:00.000Z,marseille-marseille-zone-01-worker-04,40.0,38.38,20.0,264.0
2026-05-24T19:00:00.000Z,marseille-marseille-zone-01-worker-05,40.0,38.23,20.0,264.0
2026-05-24T19:00:00.000Z,marseille-marseille-zone-01-worker-06,40.0,38.25,20.0,264.0
2026-05-24T19:00:00.000Z,marseille-marseille-zone-01-worker-07,40.0,38.32,20.0,264.0
2026-05-24T19:00:00.000Z,marseille-marseille-zone-01-worker-08,40.0,38.31,20.0,264.0
2026-05-24T20:00:00.000Z,marseille-marseille-zone-01-master-01,12.0,24.21,20.0,171.6
2026-05-24T20:00:00.000Z,marseille-marseille-zone-01-master-02,12.0,24.38,20.0,171.6
2026-05-24T20:00:00.000Z,marseille-marseille-zone-01-worker-01,40.0,54.13,15.0,261.0
2026-05-24T20:00:00.000Z,marseille-marseille-zone-01-worker-02,40.0,38.21,20.0,264.0
2026-05-24T20:00:00.000Z,marseille-marseille-zone-01-worker-03,40.0,38.46,20.0,264.0
2026-05-24T20:00:00.000Z,marseille-marseille-zone-01-worker-04,40.0,38.32,20.0,264.0
2026-05-24T20:00:00.000Z,marseille-marseille-zone-01-worker-05,40.0,38.29,20.0,264.0
2026-05-24T20:00:00.000Z,marseille-marseille-zone-01-worker-06,40.0,38.23,20.0,264.0
2026-05-24T20:00:00.000Z,marseille-marseille-zone-01-worker-07,40.0,38.29,20.0,264.0
2026-05-24T20:00:00.000Z,marseille-marseille-zone-01-worker-08,40.0,38.39,20.0,264.0
2026-05-24T21:00:00.000Z,marseille-marseille-zone-01-master-01,12.0,24.22,20.0,171.6
2026-05-24T21:00:00.000Z,marseille-marseille-zone-01-master-02,12.0,24.25,20.0,171.6
2026-05-24T21:00:00.000Z,marseille-marseille-zone-01-worker-01,40.0,54.21,15.0,261.0
2026-05-24T21:00:00.000Z,marseille-marseille-zone-01-worker-02,40.0,38.28,20.0,264.0
2026-05-24T21:00:00.000Z,marseille-marseille-zone-01-worker-03,40.0,38.24,20.0,264.0
2026-05-24T21:00:00.000Z,marseille-marseille-zone-01-worker-04,40.0,38.25,20.0,264.0
2026-05-24T21:00:00.000Z,marseille-marseille-zone-01-worker-05,40.0,38.34,20.0,264.0
2026-05-24T21:00:00.000Z,marseille-marseille-zone-01-worker-06,40.0,38.29,20.0,264.0
2026-05-24T21:00:00.000Z,marseille-marseille-zone-01-worker-07,40.0,38.35,20.0,264.0
2026-05-24T21:00:00.000Z,marseille-marseille-zone-01-worker-08,40.0,38.32,20.0,264.0
2026-05-24T22:00:00.000Z,marseille-marseille-zone-01-master-01,12.0,24.32,20.0,171.6
2026-05-24T22:00:00.000Z,marseille-marseille-zone-01-master-02,12.0,24.34,20.0,171.6
2026-05-24T22:00:00.000Z,marseille-marseille-zone-01-worker-01,40.0,54.08,15.0,261.0
2026-05-24T22:00:00.000Z,marseille-marseille-zone-01-worker-02,40.0,38.35,20.0,264.0
2026-05-24T22:00:00.000Z,marseille-marseille-zone-01-worker-03,40.0,38.22,20.0,264.0
2026-05-24T22:00:00.000Z,marseille-marseille-zone-01-worker-04,40.0,38.23,20.0,264.0
2026-05-24T22:00:00.000Z,marseille-marseille-zone-01-worker-05,40.0,38.21,20.0,264.0
2026-05-24T22:00:00.000Z,marseille-marseille-zone-01-worker-06,40.0,38.39,20.0,264.0
2026-05-24T22:00:00.000Z,marseille-marseille-zone-01-worker-07,40.0,38.27,20.0,264.0
2026-05-24T22:00:00.000Z,marseille-marseille-zone-01-worker-08,40.0,38.36,20.0,264.0
2026-05-24T23:00:00.000Z,marseille-marseille-zone-01-master-01,12.0,24.21,20.0,171.6
2026-05-24T23:00:00.000Z,marseille-marseille-zone-01-master-02,12.0,24.25,20.0,171.6
2026-05-24T23:00:00.000Z,marseille-marseille-zone-01-worker-01,40.0,54.35,15.0,261.0
2026-05-24T23:00:00.000Z,marseille-marseille-zone-01-worker-02,40.0,38.47,20.0,264.0
2026-05-24T23:00:00.000Z,marseille-marseille-zone-01-worker-03,40.0,38.43,20.0,264.0
2026-05-24T23:00:00.000Z,marseille-marseille-zone-01-worker-04,40.0,38.37,20.0,264.0
2026-05-24T23:00:00.000Z,marseille-marseille-zone-01-worker-05,40.0,38.42,20.0,264.0
2026-05-24T23:00:00.000Z,marseille-marseille-zone-01-worker-06,40.0,38.43,20.0,264.0
2026-05-24T23:00:00.000Z,marseille-marseille-zone-01-worker-07,40.0,38.27,20.0,264.0
2026-05-24T23:00:00.000Z,marseille-marseille-zone-01-worker-08,40.0,38.36,20.0,264.0
2026-05-18T00:00:00.000Z,marseille-marseille-zone-01,marseille-marseille-zone-01-master-01,master,marseille,12.0,24.26,20.0,171.6,19.8,18.0,,"{""timestamp"": ""2026-05-18T00:00:00.000Z"", ""hostname"": ""marseille-marseille-zone-01-master-01"", ""environment"": {""external_city"": ""Marseille"", ""external_temp"": ""18.0"", ""ambient_dc_temp"": ""19.8""}, ""current_fan_speed"": 20, ""load_percent"": ""12.00"", ""sensors"": [{""id"": 1, ""type"": ""LOAD"", ""value"": ""12.00"", ""unit"": ""%""}, {""id"": 2, ""type"": ""CPU_TEMP"", ""value"": ""24.26"", ""unit"": ""\u00b0C""}, {""id"": 3, ""type"": ""TOTAL_POWER"", ""value"": ""171.60"", ""unit"": ""W""}, {""id"": 4, ""type"": ""FAN_SPEED_1"", ""value"": ""20.00"", ""unit"": ""%""}, {""id"": 5, ""type"": ""FAN_SPEED_2"", ""value"": ""20.00"", ""unit"": ""%""}]}"
2026-05-18T00:00:00.000Z,marseille-marseille-zone-01,marseille-marseille-zone-01-master-02,master,marseille,12.0,24.23,20.0,171.6,19.8,18.0,,"{""timestamp"": ""2026-05-18T00:00:00.000Z"", ""hostname"": ""marseille-marseille-zone-01-master-02"", ""environment"": {""external_city"": ""Marseille"", ""external_temp"": ""18.0"", ""ambient_dc_temp"": ""19.8""}, ""current_fan_speed"": 20, ""load_percent"": ""12.00"", ""sensors"": [{""id"": 6, ""type"": ""LOAD"", ""value"": ""12.00"", ""unit"": ""%""}, {""id"": 7, ""type"": ""CPU_TEMP"", ""value"": ""24.23"", ""unit"": ""\u00b0C""}, {""id"": 8, ""type"": ""TOTAL_POWER"", ""value"": ""171.60"", ""unit"": ""W""}, {""id"": 9, ""type"": ""FAN_SPEED_1"", ""value"": ""20.00"", ""unit"": ""%""}, {""id"": 10, ""type"": ""FAN_SPEED_2"", ""value"": ""20.00"", ""unit"": ""%""}]}"
2026-05-18T00:00:00.000Z,marseille-marseille-zone-01,marseille-marseille-zone-01-worker-01,worker,marseille,20.0,28.21,20.0,198.0,19.8,18.0,,"{""timestamp"": ""2026-05-18T00:00:00.000Z"", ""hostname"": ""marseille-marseille-zone-01-worker-01"", ""environment"": {""external_city"": ""Marseille"", ""external_temp"": ""18.0"", ""ambient_dc_temp"": ""19.8""}, ""current_fan_speed"": 20, ""load_percent"": ""20.00"", ""sensors"": [{""id"": 11, ""type"": ""LOAD"", ""value"": ""20.00"", ""unit"": ""%""}, {""id"": 12, ""type"": ""CPU_TEMP"", ""value"": ""28.21"", ""unit"": ""\u00b0C""}, {""id"": 13, ""type"": ""TOTAL_POWER"", ""value"": ""198.00"", ""unit"": ""W""}, {""id"": 14, ""type"": ""FAN_SPEED_1"", ""value"": ""20.00"", ""unit"": ""%""}, {""id"": 15, ""type"": ""FAN_SPEED_2"", ""value"": ""20.00"", ""unit"": ""%""}]}"
2026-05-18T00:00:00.000Z,marseille-marseille-zone-01,marseille-marseille-zone-01-worker-02,worker,marseille,20.0,28.39,20.0,198.0,19.8,18.0,,"{""timestamp"": ""2026-05-18T00:00:00.000Z"", ""hostname"": ""marseille-marseille-zone-01-worker-02"", ""environment"": {""external_city"": ""Marseille"", ""external_temp"": ""18.0"", ""ambient_dc_temp"": ""19.8""}, ""current_fan_speed"": 20, ""load_percent"": ""20.00"", ""sensors"": [{""id"": 16, ""type"": ""LOAD"", ""value"": ""20.00"", ""unit"": ""%""}, {""id"": 17, ""type"": ""CPU_TEMP"", ""value"": ""28.39"", ""unit"": ""\u00b0C""}, {""id"": 18, ""type"": ""TOTAL_POWER"", ""value"": ""198.00"", ""unit"": ""W""}, {""id"": 19, ""type"": ""FAN_SPEED_1"", ""value"": ""20.00"", ""unit"": ""%""}, {""id"": 20, ""type"": ""FAN_SPEED_2"", ""value"": ""20.00"", ""unit"": ""%""}]}"
2026-05-18T00:00:00.000Z,marseille-marseille-zone-01,marseille-marseille-zone-01-worker-03,worker,marseille,20.0,28.36,20.0,198.0,19.8,18.0,,"{""timestamp"": ""2026-05-18T00:00:00.000Z"", ""hostname"": ""marseille-marseille-zone-01-worker-03"", ""environment"": {""external_city"": ""Marseille"", ""external_temp"": ""18.0"", ""ambient_dc_temp"": ""19.8""}, ""current_fan_speed"": 20, ""load_percent"": ""20.00"", ""sensors"": [{""id"": 21, ""type"": ""LOAD"", ""value"": ""20.00"", ""unit"": ""%""}, {""id"": 22, ""type"": ""CPU_TEMP"", ""value"": ""28.36"", ""unit"": ""\u00b0C""}, {""id"": 23, ""type"": ""TOTAL_POWER"", ""value"": ""198.00"", ""unit"": ""W""}, {""id"": 24, ""type"": ""FAN_SPEED_1"", ""value"": ""20.00"", ""unit"": ""%""}, {""id"": 25, ""type"": ""FAN_SPEED_2"", ""value"": ""20.00"", ""unit"": ""%""}]}"
2026-05-18T00:00:00.000Z,marseille-marseille-zone-01,marseille-marseille-zone-01-worker-04,worker,marseille,20.0,28.23,20.0,198.0,19.8,18.0,,"{""timestamp"": ""2026-05-18T00:00:00.000Z"", ""hostname"": ""marseille-marseille-zone-01-worker-04"", ""environment"": {""external_city"": ""Marseille"", ""external_temp"": ""18.0"", ""ambient_dc_temp"": ""19.8""}, ""current_fan_speed"": 20, ""load_percent"": ""20.00"", ""sensors"": [{""id"": 26, ""type"": ""LOAD"", ""value"": ""20.00"", ""unit"": ""%""}, {""id"": 27, ""type"": ""CPU_TEMP"", ""value"": ""28.23"", ""unit"": ""\u00b0C""}, {""id"": 28, ""type"": ""TOTAL_POWER"", ""value"": ""198.00"", ""unit"": ""W""}, {""id"": 29, ""type"": ""FAN_SPEED_1"", ""value"": ""20.00"", ""unit"": ""%""}, {""id"": 30, ""type"": ""FAN_SPEED_2"", ""value"": ""20.00"", ""unit"": ""%""}]}"
2026-05-18T00:00:00.000Z,marseille-marseille-zone-01,marseille-marseille-zone-01-worker-05,worker,marseille,20.0,28.47,20.0,198.0,19.8,18.0,,"{""timestamp"": ""2026-05-18T00:00:00.000Z"", ""hostname"": ""marseille-marseille-zone-01-worker-05"", ""environment"": {""external_city"": ""Marseille"", ""external_temp"": ""18.0"", ""ambient_dc_temp"": ""19.8""}, ""current_fan_speed"": 20, ""load_percent"": ""20.00"", ""sensors"": [{""id"": 31, ""type"": ""LOAD"", ""value"": ""20.00"", ""unit"": ""%""}, {""id"": 32, ""type"": ""CPU_TEMP"", ""value"": ""28.47"", ""unit"": ""\u00b0C""}, {""id"": 33, ""type"": ""TOTAL_POWER"", ""value"": ""198.00"", ""unit"": ""W""}, {""id"": 34, ""type"": ""FAN_SPEED_1"", ""value"": ""20.00"", ""unit"": ""%""}, {""id"": 35, ""type"": ""FAN_SPEED_2"", ""value"": ""20.00"", ""unit"": ""%""}]}"
2026-05-18T00:00:00.000Z,marseille-marseille-zone-01,marseille-marseille-zone-01-worker-06,worker,marseille,20.0,28.3,20.0,198.0,19.8,18.0,,"{""timestamp"": ""2026-05-18T00:00:00.000Z"", ""hostname"": ""marseille-marseille-zone-01-worker-06"", ""environment"": {""external_city"": ""Marseille"", ""external_temp"": ""18.0"", ""ambient_dc_temp"": ""19.8""}, ""current_fan_speed"": 20, ""load_percent"": ""20.00"", ""sensors"": [{""id"": 36, ""type"": ""LOAD"", ""value"": ""20.00"", ""unit"": ""%""}, {""id"": 37, ""type"": ""CPU_TEMP"", ""value"": ""28.30"", ""unit"": ""\u00b0C""}, {""id"": 38, ""type"": ""TOTAL_POWER"", ""value"": ""198.00"", ""unit"": ""W""}, {""id"": 39, ""type"": ""FAN_SPEED_1"", ""value"": ""20.00"", ""unit"": ""%""}, {""id"": 40, ""type"": ""FAN_SPEED_2"", ""value"": ""20.00"", ""unit"": ""%""}]}"
2026-05-18T00:00:00.000Z,marseille-marseille-zone-01,marseille-marseille-zone-01-worker-07,worker,marseille,20.0,28.43,20.0,198.0,19.8,18.0,,"{""timestamp"": ""2026-05-18T00:00:00.000Z"", ""hostname"": ""marseille-marseille-zone-01-worker-07"", ""environment"": {""external_city"": ""Marseille"", ""external_temp"": ""18.0"", ""ambient_dc_temp"": ""19.8""}, ""current_fan_speed"": 20, ""load_percent"": ""20.00"", ""sensors"": [{""id"": 41, ""type"": ""LOAD"", ""value"": ""20.00"", ""unit"": ""%""}, {""id"": 42, ""type"": ""CPU_TEMP"", ""value"": ""28.43"", ""unit"": ""\u00b0C""}, {""id"": 43, ""type"": ""TOTAL_POWER"", ""value"": ""198.00"", ""unit"": ""W""}, {""id"": 44, ""type"": ""FAN_SPEED_1"", ""value"": ""20.00"", ""unit"": ""%""}, {""id"": 45, ""type"": ""FAN_SPEED_2"", ""value"": ""20.00"", ""unit"": ""%""}]}"
2026-05-18T00:00:00.000Z,marseille-marseille-zone-01,marseille-marseille-zone-01-worker-08,worker,marseille,20.0,28.49,20.0,198.0,19.8,18.0,,"{""timestamp"": ""2026-05-18T00:00:00.000Z"", ""hostname"": ""marseille-marseille-zone-01-worker-08"", ""environment"": {""external_city"": ""Marseille"", ""external_temp"": ""18.0"", ""ambient_dc_temp"": ""19.8""}, ""current_fan_speed"": 20, ""load_percent"": ""20.00"", ""sensors"": [{""id"": 46, ""type"": ""LOAD"", ""value"": ""20.00"", ""unit"": ""%""}, {""id"": 47, ""type"": ""CPU_TEMP"", ""value"": ""28.49"", ""unit"": ""\u00b0C""}, {""id"": 48, ""type"": ""TOTAL_POWER"", ""value"": ""198.00"", ""unit"": ""W""}, {""id"": 49, ""type"": ""FAN_SPEED_1"", ""value"": ""20.00"", ""unit"": ""%""}, {""id"": 50, ""type"": ""FAN_SPEED_2"", ""value"": ""20.00"", ""unit"": ""%""}]}"
2026-05-18T01:00:00.000Z,marseille-marseille-zone-01,marseille-marseille-zone-01-master-01,master,marseille,12.0,24.25,20.0,171.6,19.8,18.0,,"{""timestamp"": ""2026-05-18T01:00:00.000Z"", ""hostname"": ""marseille-marseille-zone-01-master-01"", ""environment"": {""external_city"": ""Marseille"", ""external_temp"": ""18.0"", ""ambient_dc_temp"": ""19.8""}, ""current_fan_speed"": 20, ""load_percent"": ""12.00"", ""sensors"": [{""id"": 1, ""type"": ""LOAD"", ""value"": ""12.00"", ""unit"": ""%""}, {""id"": 2, ""type"": ""CPU_TEMP"", ""value"": ""24.25"", ""unit"": ""\u00b0C""}, {""id"": 3, ""type"": ""TOTAL_POWER"", ""value"": ""171.60"", ""unit"": ""W""}, {""id"": 4, ""type"": ""FAN_SPEED_1"", ""value"": ""20.00"", ""unit"": ""%""}, {""id"": 5, ""type"": ""FAN_SPEED_2"", ""value"": ""20.00"", ""unit"": ""%""}]}"
2026-05-18T01:00:00.000Z,marseille-marseille-zone-01,marseille-marseille-zone-01-master-02,master,marseille,12.0,24.37,20.0,171.6,19.8,18.0,,"{""timestamp"": ""2026-05-18T01:00:00.000Z"", ""hostname"": ""marseille-marseille-zone-01-master-02"", ""environment"": {""external_city"": ""Marseille"", ""external_temp"": ""18.0"", ""ambient_dc_temp"": ""19.8""}, ""current_fan_speed"": 20, ""load_percent"": ""12.00"", ""sensors"": [{""id"": 6, ""type"": ""LOAD"", ""value"": ""12.00"", ""unit"": ""%""}, {""id"": 7, ""type"": ""CPU_TEMP"", ""value"": ""24.37"", ""unit"": ""\u00b0C""}, {""id"": 8, ""type"": ""TOTAL_POWER"", ""value"": ""171.60"", ""unit"": ""W""}, {""id"": 9, ""type"": ""FAN_SPEED_1"", ""value"": ""20.00"", ""unit"": ""%""}, {""id"": 10, ""type"": ""FAN_SPEED_2"", ""value"": ""20.00"", ""unit"": ""%""}]}"
2026-05-18T01:00:00.000Z,marseille-marseille-zone-01,marseille-marseille-zone-01-worker-01,worker,marseille,20.0,28.39,20.0,198.0,19.8,18.0,,"{""timestamp"": ""2026-05-18T01:00:00.000Z"", ""hostname"": ""marseille-marseille-zone-01-worker-01"", ""environment"": {""external_city"": ""Marseille"", ""external_temp"": ""18.0"", ""ambient_dc_temp"": ""19.8""}, ""current_fan_speed"": 20, ""load_percent"": ""20.00"", ""sensors"": [{""id"": 12, ""type"": ""CPU_TEMP"", ""value"": ""28.39"", ""unit"": ""\u00b0C""}, {""id"": 13, ""type"": ""TOTAL_POWER"", ""value"": ""198.00"", ""unit"": ""W""}, {""id"": 14, ""type"": ""FAN_SPEED_1"", ""value"": ""20.00"", ""unit"": ""%""}, {""id"": 15, ""type"": ""FAN_SPEED_2"", ""value"": ""20.00"", ""unit"": ""%""}, {""id"": 11, ""type"": ""LOAD"", ""value"": ""20.00"", ""unit"": ""%""}]}"
2026-05-18T01:00:00.000Z,marseille-marseille-zone-01,marseille-marseille-zone-01-worker-02,worker,marseille,20.0,28.47,20.0,198.0,19.8,18.0,,"{""timestamp"": ""2026-05-18T01:00:00.000Z"", ""hostname"": ""marseille-marseille-zone-01-worker-02"", ""environment"": {""external_city"": ""Marseille"", ""external_temp"": ""18.0"", ""ambient_dc_temp"": ""19.8""}, ""current_fan_speed"": 20, ""load_percent"": ""20.00"", ""sensors"": [{""id"": 16, ""type"": ""LOAD"", ""value"": ""20.00"", ""unit"": ""%""}, {""id"": 17, ""type"": ""CPU_TEMP"", ""value"": ""28.47"", ""unit"": ""\u00b0C""}, {""id"": 18, ""type"": ""TOTAL_POWER"", ""value"": ""198.00"", ""unit"": ""W""}, {""id"": 19, ""type"": ""FAN_SPEED_1"", ""value"": ""20.00"", ""unit"": ""%""}, {""id"": 20, ""type"": ""FAN_SPEED_2"", ""value"": ""20.00"", ""unit"": ""%""}]}"
2026-05-18T01:00:00.000Z,marseille-marseille-zone-01,marseille-marseille-zone-01-worker-03,worker,marseille,20.0,28.35,20.0,198.0,19.8,18.0,,"{""timestamp"": ""2026-05-18T01:00:00.000Z"", ""hostname"": ""marseille-marseille-zone-01-worker-03"", ""environment"": {""external_city"": ""Marseille"", ""external_temp"": ""18.0"", ""ambient_dc_temp"": ""19.8""}, ""current_fan_speed"": 20, ""load_percent"": ""20.00"", ""sensors"": [{""id"": 21, ""type"": ""LOAD"", ""value"": ""20.00"", ""unit"": ""%""}, {""id"": 22, ""type"": ""CPU_TEMP"", ""value"": ""28.35"", ""unit"": ""\u00b0C""}, {""id"": 23, ""type"": ""TOTAL_POWER"", ""value"": ""198.00"", ""unit"": ""W""}, {""id"": 24, ""type"": ""FAN_SPEED_1"", ""value"": ""20.00"", ""unit"": ""%""}, {""id"": 25, ""type"": ""FAN_SPEED_2"", ""value"": ""20.00"", ""unit"": ""%""}]}"
2026-05-18T01:00:00.000Z,marseille-marseille-zone-01,marseille-marseille-zone-01-worker-04,worker,marseille,20.0,28.37,20.0,198.0,19.8,18.0,,"{""timestamp"": ""2026-05-18T01:00:00.000Z"", ""hostname"": ""marseille-marseille-zone-01-worker-04"", ""environment"": {""external_city"": ""Marseille"", ""external_temp"": ""18.0"", ""ambient_dc_temp"": ""19.8""}, ""current_fan_speed"": 20, ""load_percent"": ""20.00"", ""sensors"": [{""id"": 26, ""type"": ""LOAD"", ""value"": ""20.00"", ""unit"": ""%""}, {""id"": 27, ""type"": ""CPU_TEMP"", ""value"": ""28.37"", ""unit"": ""\u00b0C""}, {""id"": 28, ""type"": ""TOTAL_POWER"", ""value"": ""198.00"", ""unit"": ""W""}, {""id"": 29, ""type"": ""FAN_SPEED_1"", ""value"": ""20.00"", ""unit"": ""%""}, {""id"": 30, ""type"": ""FAN_SPEED_2"", ""value"": ""20.00"", ""unit"": ""%""}]}"
2026-05-18T01:00:00.000Z,marseille-marseille-zone-01,marseille-marseille-zone-01-worker-05,worker,marseille,20.0,28.43,20.0,198.0,19.8,18.0,,"{""timestamp"": ""2026-05-18T01:00:00.000Z"", ""hostname"": ""marseille-marseille-zone-01-worker-05"", ""environment"": {""external_city"": ""Marseille"", ""external_temp"": ""18.0"", ""ambient_dc_temp"": ""19.8""}, ""current_fan_speed"": 20, ""load_percent"": ""20.00"", ""sensors"": [{""id"": 31, ""type"": ""LOAD"", ""value"": ""20.00"", ""unit"": ""%""}, {""id"": 32, ""type"": ""CPU_TEMP"", ""value"": ""28.43"", ""unit"": ""\u00b0C""}, {""id"": 33, ""type"": ""TOTAL_POWER"", ""value"": ""198.00"", ""unit"": ""W""}, {""id"": 34, ""type"": ""FAN_SPEED_1"", ""value"": ""20.00"", ""unit"": ""%""}, {""id"": 35, ""type"": ""FAN_SPEED_2"", ""value"": ""20.00"", ""unit"": ""%""}]}"
2026-05-18T01:00:00.000Z,marseille-marseille-zone-01,marseille-marseille-zone-01-worker-06,worker,marseille,20.0,28.33,20.0,198.0,19.8,18.0,,"{""timestamp"": ""2026-05-18T01:00:00.000Z"", ""hostname"": ""marseille-marseille-zone-01-worker-06"", ""environment"": {""external_city"": ""Marseille"", ""external_temp"": ""18.0"", ""ambient_dc_temp"": ""19.8""}, ""current_fan_speed"": 20, ""load_percent"": ""20.00"", ""sensors"": [{""id"": 36, ""type"": ""LOAD"", ""value"": ""20.00"", ""unit"": ""%""}, {""id"": 37, ""type"": ""CPU_TEMP"", ""value"": ""28.33"", ""unit"": ""\u00b0C""}, {""id"": 38, ""type"": ""TOTAL_POWER"", ""value"": ""198.00"", ""unit"": ""W""}, {""id"": 39, ""type"": ""FAN_SPEED_1"", ""value"": ""20.00"", ""unit"": ""%""}, {""id"": 40, ""type"": ""FAN_SPEED_2"", ""value"": ""20.00"", ""unit"": ""%""}]}"
2026-05-18T01:00:00.000Z,marseille-marseille-zone-01,marseille-marseille-zone-01-worker-07,worker,marseille,20.0,28.46,20.0,198.0,19.8,18.0,,"{""timestamp"": ""2026-05-18T01:00:00.000Z"", ""hostname"": ""marseille-marseille-zone-01-worker-07"", ""environment"": {""external_city"": ""Marseille"", ""external_temp"": ""18.0"", ""ambient_dc_temp"": ""19.8""}, ""current_fan_speed"": 20, ""load_percent"": ""20.00"", ""sensors"": [{""id"": 41, ""type"": ""LOAD"", ""value"": ""20.00"", ""unit"": ""%""}, {""id"": 42, ""type"": ""CPU_TEMP"", ""value"": ""28.46"", ""unit"": ""\u00b0C""}, {""id"": 43, ""type"": ""TOTAL_POWER"", ""value"": ""198.00"", ""unit"": ""W""}, {""id"": 44, ""type"": ""FAN_SPEED_1"", ""value"": ""20.00"", ""unit"": ""%""}, {""id"": 45, ""type"": ""FAN_SPEED_2"", ""value"": ""20.00"", ""unit"": ""%""}]}"
2026-05-18T01:00:00.000Z,marseille-marseille-zone-01,marseille-marseille-zone-01-worker-08,worker,marseille,20.0,28.28,20.0,198.0,19.8,18.0,,"{""timestamp"": ""2026-05-18T01:00:00.000Z"", ""hostname"": ""marseille-marseille-zone-01-worker-08"", ""environment"": {""external_city"": ""Marseille"", ""external_temp"": ""18.0"", ""ambient_dc_temp"": ""19.8""}, ""current_fan_speed"": 20, ""load_percent"": ""20.00"", ""sensors"": [{""id"": 46, ""type"": ""LOAD"", ""value"": ""20.00"", ""unit"": ""%""}, {""id"": 47, ""type"": ""CPU_TEMP"", ""value"": ""28.28"", ""unit"": ""\u00b0C""}, {""id"": 48, ""type"": ""TOTAL_POWER"", ""value"": ""198.00"", ""unit"": ""W""}, {""id"": 49, ""type"": ""FAN_SPEED_1"", ""value"": ""20.00"", ""unit"": ""%""}, {""id"": 50, ""type"": ""FAN_SPEED_2"", ""value"": ""20.00"", ""unit"": ""%""}]}"
2026-05-18T02:00:00.000Z,marseille-marseille-zone-01,marseille-marseille-zone-01-master-01,master,marseille,12.0,24.29,20.0,171.6,19.8,18.0,,"{""timestamp"": ""2026-05-18T02:00:00.000Z"", ""hostname"": ""marseille-marseille-zone-01-master-01"", ""environment"": {""external_city"": ""Marseille"", ""external_temp"": ""18.0"", ""ambient_dc_temp"": ""19.8""}, ""current_fan_speed"": 20, ""load_percent"": ""12.00"", ""sensors"": [{""id"": 3, ""type"": ""TOTAL_POWER"", ""value"": ""171.60"", ""unit"": ""W""}, {""id"": 4, ""type"": ""FAN_SPEED_1"", ""value"": ""20.00"", ""unit"": ""%""}, {""id"": 5, ""type"": ""FAN_SPEED_2"", ""value"": ""20.00"", ""unit"": ""%""}, {""id"": 1, ""type"": ""LOAD"", ""value"": ""12.00"", ""unit"": ""%""}, {""id"": 2, ""type"": ""CPU_TEMP"", ""value"": ""24.29"", ""unit"": ""\u00b0C""}]}"
2026-05-18T02:00:00.000Z,marseille-marseille-zone-01,marseille-marseille-zone-01-master-02,master,marseille,12.0,24.2,20.0,171.6,19.8,18.0,,"{""timestamp"": ""2026-05-18T02:00:00.000Z"", ""hostname"": ""marseille-marseille-zone-01-master-02"", ""environment"": {""external_city"": ""Marseille"", ""external_temp"": ""18.0"", ""ambient_dc_temp"": ""19.8""}, ""current_fan_speed"": 20, ""load_percent"": ""12.00"", ""sensors"": [{""id"": 8, ""type"": ""TOTAL_POWER"", ""value"": ""171.60"", ""unit"": ""W""}, {""id"": 9, ""type"": ""FAN_SPEED_1"", ""value"": ""20.00"", ""unit"": ""%""}, {""id"": 10, ""type"": ""FAN_SPEED_2"", ""value"": ""20.00"", ""unit"": ""%""}, {""id"": 6, ""type"": ""LOAD"", ""value"": ""12.00"", ""unit"": ""%""}, {""id"": 7, ""type"": ""CPU_TEMP"", ""value"": ""24.20"", ""unit"": ""\u00b0C""}]}"
2026-05-18T02:00:00.000Z,marseille-marseille-zone-01,marseille-marseille-zone-01-worker-01,worker,marseille,20.0,28.36,20.0,198.0,19.8,18.0,,"{""timestamp"": ""2026-05-18T02:00:00.000Z"", ""hostname"": ""marseille-marseille-zone-01-worker-01"", ""environment"": {""external_city"": ""Marseille"", ""external_temp"": ""18.0"", ""ambient_dc_temp"": ""19.8""}, ""current_fan_speed"": 20, ""load_percent"": ""20.00"", ""sensors"": [{""id"": 15, ""type"": ""FAN_SPEED_2"", ""value"": ""20.00"", ""unit"": ""%""}, {""id"": 11, ""type"": ""LOAD"", ""value"": ""20.00"", ""unit"": ""%""}, {""id"": 12, ""type"": ""CPU_TEMP"", ""value"": ""28.36"", ""unit"": ""\u00b0C""}, {""id"": 13, ""type"": ""TOTAL_POWER"", ""value"": ""198.00"", ""unit"": ""W""}, {""id"": 14, ""type"": ""FAN_SPEED_1"", ""value"": ""20.00"", ""unit"": ""%""}]}"
2026-05-18T02:00:00.000Z,marseille-marseille-zone-01,marseille-marseille-zone-01-worker-02,worker,marseille,20.0,28.21,20.0,198.0,19.8,18.0,,"{""timestamp"": ""2026-05-18T02:00:00.000Z"", ""hostname"": ""marseille-marseille-zone-01-worker-02"", ""environment"": {""external_city"": ""Marseille"", ""external_temp"": ""18.0"", ""ambient_dc_temp"": ""19.8""}, ""current_fan_speed"": 20, ""load_percent"": ""20.00"", ""sensors"": [{""id"": 18, ""type"": ""TOTAL_POWER"", ""value"": ""198.00"", ""unit"": ""W""}, {""id"": 19, ""type"": ""FAN_SPEED_1"", ""value"": ""20.00"", ""unit"": ""%""}, {""id"": 20, ""type"": ""FAN_SPEED_2"", ""value"": ""20.00"", ""unit"": ""%""}, {""id"": 16, ""type"": ""LOAD"", ""value"": ""20.00"", ""unit"": ""%""}, {""id"": 17, ""type"": ""CPU_TEMP"", ""value"": ""28.21"", ""unit"": ""\u00b0C""}]}"
2026-05-18T02:00:00.000Z,marseille-marseille-zone-01,marseille-marseille-zone-01-worker-03,worker,marseille,20.0,28.2,20.0,198.0,19.8,18.0,,"{""timestamp"": ""2026-05-18T02:00:00.000Z"", ""hostname"": ""marseille-marseille-zone-01-worker-03"", ""environment"": {""external_city"": ""Marseille"", ""external_temp"": ""18.0"", ""ambient_dc_temp"": ""19.8""}, ""current_fan_speed"": 20, ""load_percent"": ""20.00"", ""sensors"": [{""id"": 24, ""type"": ""FAN_SPEED_1"", ""value"": ""20.00"", ""unit"": ""%""}, {""id"": 25, ""type"": ""FAN_SPEED_2"", ""value"": ""20.00"", ""unit"": ""%""}, {""id"": 21, ""type"": ""LOAD"", ""value"": ""20.00"", ""unit"": ""%""}, {""id"": 22, ""type"": ""CPU_TEMP"", ""value"": ""28.20"", ""unit"": ""\u00b0C""}, {""id"": 23, ""type"": ""TOTAL_POWER"", ""value"": ""198.00"", ""unit"": ""W""}]}"
2026-05-18T02:00:00.000Z,marseille-marseille-zone-01,marseille-marseille-zone-01-worker-04,worker,marseille,20.0,28.36,20.0,198.0,19.8,18.0,,"{""timestamp"": ""2026-05-18T02:00:00.000Z"", ""hostname"": ""marseille-marseille-zone-01-worker-04"", ""environment"": {""external_city"": ""Marseille"", ""external_temp"": ""18.0"", ""ambient_dc_temp"": ""19.8""}, ""current_fan_speed"": 20, ""load_percent"": ""20.00"", ""sensors"": [{""id"": 30, ""type"": ""FAN_SPEED_2"", ""value"": ""20.00"", ""unit"": ""%""}, {""id"": 26, ""type"": ""LOAD"", ""value"": ""20.00"", ""unit"": ""%""}, {""id"": 27, ""type"": ""CPU_TEMP"", ""value"": ""28.36"", ""unit"": ""\u00b0C""}, {""id"": 28, ""type"": ""TOTAL_POWER"", ""value"": ""198.00"", ""unit"": ""W""}, {""id"": 29, ""type"": ""FAN_SPEED_1"", ""value"": ""20.00"", ""unit"": ""%""}]}"
2026-05-18T02:00:00.000Z,marseille-marseille-zone-01,marseille-marseille-zone-01-worker-05,worker,marseille,20.0,28.24,20.0,198.0,19.8,18.0,,"{""timestamp"": ""2026-05-18T02:00:00.000Z"", ""hostname"": ""marseille-marseille-zone-01-worker-05"", ""environment"": {""external_city"": ""Marseille"", ""external_temp"": ""18.0"", ""ambient_dc_temp"": ""19.8""}, ""current_fan_speed"": 20, ""load_percent"": ""20.00"", ""sensors"": [{""id"": 33, ""type"": ""TOTAL_POWER"", ""value"": ""198.00"", ""unit"": ""W""}, {""id"": 34, ""type"": ""FAN_SPEED_1"", ""value"": ""20.00"", ""unit"": ""%""}, {""id"": 35, ""type"": ""FAN_SPEED_2"", ""value"": ""20.00"", ""unit"": ""%""}, {""id"": 31, ""type"": ""LOAD"", ""value"": ""20.00"", ""unit"": ""%""}, {""id"": 32, ""type"": ""CPU_TEMP"", ""value"": ""28.24"", ""unit"": ""\u00b0C""}]}"
2026-05-18T02:00:00.000Z,marseille-marseille-zone-01,marseille-marseille-zone-01-worker-06,worker,marseille,20.0,28.35,20.0,198.0,19.8,18.0,,"{""timestamp"": ""2026-05-18T02:00:00.000Z"", ""hostname"": ""marseille-marseille-zone-01-worker-06"", ""environment"": {""external_city"": ""Marseille"", ""external_temp"": ""18.0"", ""ambient_dc_temp"": ""19.8""}, ""current_fan_speed"": 20, ""load_percent"": ""20.00"", ""sensors"": [{""id"": 37, ""type"": ""CPU_TEMP"", ""value"": ""28.35"", ""unit"": ""\u00b0C""}, {""id"": 38, ""type"": ""TOTAL_POWER"", ""value"": ""198.00"", ""unit"": ""W""}, {""id"": 39, ""type"": ""FAN_SPEED_1"", ""value"": ""20.00"", ""unit"": ""%""}, {""id"": 40, ""type"": ""FAN_SPEED_2"", ""value"": ""20.00"", ""unit"": ""%""}, {""id"": 36, ""type"": ""LOAD"", ""value"": ""20.00"", ""unit"": ""%""}]}"
2026-05-18T02:00:00.000Z,marseille-marseille-zone-01,marseille-marseille-zone-01-worker-07,worker,marseille,20.0,28.31,20.0,198.0,19.8,18.0,,"{""timestamp"": ""2026-05-18T02:00:00.000Z"", ""hostname"": ""marseille-marseille-zone-01-worker-07"", ""environment"": {""external_city"": ""Marseille"", ""external_temp"": ""18.0"", ""ambient_dc_temp"": ""19.8""}, ""current_fan_speed"": 20, ""load_percent"": ""20.00"", ""sensors"": [{""id"": 43, ""type"": ""TOTAL_POWER"", ""value"": ""198.00"", ""unit"": ""W""}, {""id"": 44, ""type"": ""FAN_SPEED_1"", ""value"": ""20.00"", ""unit"": ""%""}, {""id"": 45, ""type"": ""FAN_SPEED_2"", ""value"": ""20.00"", ""unit"": ""%""}, {""id"": 41, ""type"": ""LOAD"", ""value"": ""20.00"", ""unit"": ""%""}, {""id"": 42, ""type"": ""CPU_TEMP"", ""value"": ""28.31"", ""unit"": ""\u00b0C""}]}"
2026-05-18T02:00:00.000Z,marseille-marseille-zone-01,marseille-marseille-zone-01-worker-08,worker,marseille,20.0,28.46,20.0,198.0,19.8,18.0,,"{""timestamp"": ""2026-05-18T02:00:00.000Z"", ""hostname"": ""marseille-marseille-zone-01-worker-08"", ""environment"": {""external_city"": ""Marseille"", ""external_temp"": ""18.0"", ""ambient_dc_temp"": ""19.8""}, ""current_fan_speed"": 20, ""load_percent"": ""20.00"", ""sensors"": [{""id"": 47, ""type"": ""CPU_TEMP"", ""value"": ""28.46"", ""unit"": ""\u00b0C""}, {""id"": 48, ""type"": ""TOTAL_POWER"", ""value"": ""198.00"", ""unit"": ""W""}, {""id"": 49, ""type"": ""FAN_SPEED_1"", ""value"": ""20.00"", ""unit"": ""%""}, {""id"": 50, ""type"": ""FAN_SPEED_2"", ""value"": ""20.00"", ""unit"": ""%""}, {""id"": 46, ""type"": ""LOAD"", ""value"": ""20.00"", ""unit"": ""%""}]}"
2026-05-18T03:00:00.000Z,marseille-marseille-zone-01,marseille-marseille-zone-01-master-01,master,marseille,12.0,24.45,20.0,171.6,19.8,18.0,,"{""timestamp"": ""2026-05-18T03:00:00.000Z"", ""hostname"": ""marseille-marseille-zone-01-master-01"", ""environment"": {""external_city"": ""Marseille"", ""external_temp"": ""18.0"", ""ambient_dc_temp"": ""19.8""}, ""current_fan_speed"": 20, ""load_percent"": ""12.00"", ""sensors"": [{""id"": 3, ""type"": ""TOTAL_POWER"", ""value"": ""171.60"", ""unit"": ""W""}, {""id"": 4, ""type"": ""FAN_SPEED_1"", ""value"": ""20.00"", ""unit"": ""%""}, {""id"": 5, ""type"": ""FAN_SPEED_2"", ""value"": ""20.00"", ""unit"": ""%""}, {""id"": 1, ""type"": ""LOAD"", ""value"": ""12.00"", ""unit"": ""%""}, {""id"": 2, ""type"": ""CPU_TEMP"", ""value"": ""24.45"", ""unit"": ""\u00b0C""}]}"
2026-05-18T03:00:00.000Z,marseille-marseille-zone-01,marseille-marseille-zone-01-master-02,master,marseille,12.0,24.46,20.0,171.6,19.8,18.0,,"{""timestamp"": ""2026-05-18T03:00:00.000Z"", ""hostname"": ""marseille-marseille-zone-01-master-02"", ""environment"": {""external_city"": ""Marseille"", ""external_temp"": ""18.0"", ""ambient_dc_temp"": ""19.8""}, ""current_fan_speed"": 20, ""load_percent"": ""12.00"", ""sensors"": [{""id"": 6, ""type"": ""LOAD"", ""value"": ""12.00"", ""unit"": ""%""}, {""id"": 7, ""type"": ""CPU_TEMP"", ""value"": ""24.46"", ""unit"": ""\u00b0C""}, {""id"": 8, ""type"": ""TOTAL_POWER"", ""value"": ""171.60"", ""unit"": ""W""}, {""id"": 9, ""type"": ""FAN_SPEED_1"", ""value"": ""20.00"", ""unit"": ""%""}, {""id"": 10, ""type"": ""FAN_SPEED_2"", ""value"": ""20.00"", ""unit"": ""%""}]}"
2026-05-18T03:00:00.000Z,marseille-marseille-zone-01,marseille-marseille-zone-01-worker-01,worker,marseille,20.0,28.45,20.0,198.0,19.8,18.0,,"{""timestamp"": ""2026-05-18T03:00:00.000Z"", ""hostname"": ""marseille-marseille-zone-01-worker-01"", ""environment"": {""external_city"": ""Marseille"", ""external_temp"": ""18.0"", ""ambient_dc_temp"": ""19.8""}, ""current_fan_speed"": 20, ""load_percent"": ""20.00"", ""sensors"": [{""id"": 13, ""type"": ""TOTAL_POWER"", ""value"": ""198.00"", ""unit"": ""W""}, {""id"": 14, ""type"": ""FAN_SPEED_1"", ""value"": ""20.00"", ""unit"": ""%""}, {""id"": 15, ""type"": ""FAN_SPEED_2"", ""value"": ""20.00"", ""unit"": ""%""}, {""id"": 11, ""type"": ""LOAD"", ""value"": ""20.00"", ""unit"": ""%""}, {""id"": 12, ""type"": ""CPU_TEMP"", ""value"": ""28.45"", ""unit"": ""\u00b0C""}]}"
2026-05-18T03:00:00.000Z,marseille-marseille-zone-01,marseille-marseille-zone-01-worker-02,worker,marseille,20.0,28.47,20.0,198.0,19.8,18.0,,"{""timestamp"": ""2026-05-18T03:00:00.000Z"", ""hostname"": ""marseille-marseille-zone-01-worker-02"", ""environment"": {""external_city"": ""Marseille"", ""external_temp"": ""18.0"", ""ambient_dc_temp"": ""19.8""}, ""current_fan_speed"": 20, ""load_percent"": ""20.00"", ""sensors"": [{""id"": 16, ""type"": ""LOAD"", ""value"": ""20.00"", ""unit"": ""%""}, {""id"": 17, ""type"": ""CPU_TEMP"", ""value"": ""28.47"", ""unit"": ""\u00b0C""}, {""id"": 18, ""type"": ""TOTAL_POWER"", ""value"": ""198.00"", ""unit"": ""W""}, {""id"": 19, ""type"": ""FAN_SPEED_1"", ""value"": ""20.00"", ""unit"": ""%""}, {""id"": 20, ""type"": ""FAN_SPEED_2"", ""value"": ""20.00"", ""unit"": ""%""}]}"
2026-05-18T03:00:00.000Z,marseille-marseille-zone-01,marseille-marseille-zone-01-worker-03,worker,marseille,20.0,28.19,20.0,198.0,19.8,18.0,,"{""timestamp"": ""2026-05-18T03:00:00.000Z"", ""hostname"": ""marseille-marseille-zone-01-worker-03"", ""environment"": {""external_city"": ""Marseille"", ""external_temp"": ""18.0"", ""ambient_dc_temp"": ""19.8""}, ""current_fan_speed"": 20, ""load_percent"": ""20.00"", ""sensors"": [{""id"": 24, ""type"": ""FAN_SPEED_1"", ""value"": ""20.00"", ""unit"": ""%""}, {""id"": 25, ""type"": ""FAN_SPEED_2"", ""value"": ""20.00"", ""unit"": ""%""}, {""id"": 21, ""type"": ""LOAD"", ""value"": ""20.00"", ""unit"": ""%""}, {""id"": 22, ""type"": ""CPU_TEMP"", ""value"": ""28.19"", ""unit"": ""\u00b0C""}, {""id"": 23, ""type"": ""TOTAL_POWER"", ""value"": ""198.00"", ""unit"": ""W""}]}"
2026-05-18T03:00:00.000Z,marseille-marseille-zone-01,marseille-marseille-zone-01-worker-04,worker,marseille,20.0,28.2,20.0,198.0,19.8,18.0,,"{""timestamp"": ""2026-05-18T03:00:00.000Z"", ""hostname"": ""marseille-marseille-zone-01-worker-04"", ""environment"": {""external_city"": ""Marseille"", ""external_temp"": ""18.0"", ""ambient_dc_temp"": ""19.8""}, ""current_fan_speed"": 20, ""load_percent"": ""20.00"", ""sensors"": [{""id"": 29, ""type"": ""FAN_SPEED_1"", ""value"": ""20.00"", ""unit"": ""%""}, {""id"": 30, ""type"": ""FAN_SPEED_2"", ""value"": ""20.00"", ""unit"": ""%""}, {""id"": 26, ""type"": ""LOAD"", ""value"": ""20.00"", ""unit"": ""%""}, {""id"": 27, ""type"": ""CPU_TEMP"", ""value"": ""28.20"", ""unit"": ""\u00b0C""}, {""id"": 28, ""type"": ""TOTAL_POWER"", ""value"": ""198.00"", ""unit"": ""W""}]}"
2026-05-18T03:00:00.000Z,marseille-marseille-zone-01,marseille-marseille-zone-01-worker-05,worker,marseille,20.0,28.36,20.0,198.0,19.8,18.0,,"{""timestamp"": ""2026-05-18T03:00:00.000Z"", ""hostname"": ""marseille-marseille-zone-01-worker-05"", ""environment"": {""external_city"": ""Marseille"", ""external_temp"": ""18.0"", ""ambient_dc_temp"": ""19.8""}, ""current_fan_speed"": 20, ""load_percent"": ""20.00"", ""sensors"": [{""id"": 35, ""type"": ""FAN_SPEED_2"", ""value"": ""20.00"", ""unit"": ""%""}, {""id"": 31, ""type"": ""LOAD"", ""value"": ""20.00"", ""unit"": ""%""}, {""id"": 32, ""type"": ""CPU_TEMP"", ""value"": ""28.36"", ""unit"": ""\u00b0C""}, {""id"": 33, ""type"": ""TOTAL_POWER"", ""value"": ""198.00"", ""unit"": ""W""}, {""id"": 34, ""type"": ""FAN_SPEED_1"", ""value"": ""20.00"", ""unit"": ""%""}]}"
2026-05-18T03:00:00.000Z,marseille-marseille-zone-01,marseille-marseille-zone-01-worker-06,worker,marseille,20.0,28.39,20.0,198.0,19.8,18.0,,"{""timestamp"": ""2026-05-18T03:00:00.000Z"", ""hostname"": ""marseille-marseille-zone-01-worker-06"", ""environment"": {""external_city"": ""Marseille"", ""external_temp"": ""18.0"", ""ambient_dc_temp"": ""19.8""}, ""current_fan_speed"": 20, ""load_percent"": ""20.00"", ""sensors"": [{""id"": 37, ""type"": ""CPU_TEMP"", ""value"": ""28.39"", ""unit"": ""\u00b0C""}, {""id"": 38, ""type"": ""TOTAL_POWER"", ""value"": ""198.00"", ""unit"": ""W""}, {""id"": 39, ""type"": ""FAN_SPEED_1"", ""value"": ""20.00"", ""unit"": ""%""}, {""id"": 40, ""type"": ""FAN_SPEED_2"", ""value"": ""20.00"", ""unit"": ""%""}, {""id"": 36, ""type"": ""LOAD"", ""value"": ""20.00"", ""unit"": ""%""}]}"
2026-05-18T03:00:00.000Z,marseille-marseille-zone-01,marseille-marseille-zone-01-worker-07,worker,marseille,20.0,28.36,20.0,198.0,19.8,18.0,,"{""timestamp"": ""2026-05-18T03:00:00.000Z"", ""hostname"": ""marseille-marseille-zone-01-worker-07"", ""environment"": {""external_city"": ""Marseille"", ""external_temp"": ""18.0"", ""ambient_dc_temp"": ""19.8""}, ""current_fan_speed"": 20, ""load_percent"": ""20.00"", ""sensors"": [{""id"": 44, ""type"": ""FAN_SPEED_1"", ""value"": ""20.00"", ""unit"": ""%""}, {""id"": 45, ""type"": ""FAN_SPEED_2"", ""value"": ""20.00"", ""unit"": ""%""}, {""id"": 41, ""type"": ""LOAD"", ""value"": ""20.00"", ""unit"": ""%""}, {""id"": 42, ""type"": ""CPU_TEMP"", ""value"": ""28.36"", ""unit"": ""\u00b0C""}, {""id"": 43, ""type"": ""TOTAL_POWER"", ""value"": ""198.00"", ""unit"": ""W""}]}"
2026-05-18T03:00:00.000Z,marseille-marseille-zone-01,marseille-marseille-zone-01-worker-08,worker,marseille,20.0,28.34,20.0,198.0,19.8,18.0,,"{""timestamp"": ""2026-05-18T03:00:00.000Z"", ""hostname"": ""marseille-marseille-zone-01-worker-08"", ""environment"": {""external_city"": ""Marseille"", ""external_temp"": ""18.0"", ""ambient_dc_temp"": ""19.8""}, ""current_fan_speed"": 20, ""load_percent"": ""20.00"", ""sensors"": [{""id"": 49, ""type"": ""FAN_SPEED_1"", ""value"": ""20.00"", ""unit"": ""%""}, {""id"": 50, ""type"": ""FAN_SPEED_2"", ""value"": ""20.00"", ""unit"": ""%""}, {""id"": 46, ""type"": ""LOAD"", ""value"": ""20.00"", ""unit"": ""%""}, {""id"": 47, ""type"": ""CPU_TEMP"", ""value"": ""28.34"", ""unit"": ""\u00b0C""}, {""id"": 48, ""type"": ""TOTAL_POWER"", ""value"": ""198.00"", ""unit"": ""W""}]}"
2026-05-18T04:00:00.000Z,marseille-marseille-zone-01,marseille-marseille-zone-01-master-01,master,marseille,12.0,24.39,20.0,171.6,19.8,18.0,,"{""timestamp"": ""2026-05-18T04:00:00.000Z"", ""hostname"": ""marseille-marseille-zone-01-master-01"", ""environment"": {""external_city"": ""Marseille"", ""external_temp"": ""18.0"", ""ambient_dc_temp"": ""19.8""}, ""current_fan_speed"": 20, ""load_percent"": ""12.00"", ""sensors"": [{""id"": 4, ""type"": ""FAN_SPEED_1"", ""value"": ""20.00"", ""unit"": ""%""}, {""id"": 5, ""type"": ""FAN_SPEED_2"", ""value"": ""20.00"", ""unit"": ""%""}, {""id"": 1, ""type"": ""LOAD"", ""value"": ""12.00"", ""unit"": ""%""}, {""id"": 2, ""type"": ""CPU_TEMP"", ""value"": ""24.39"", ""unit"": ""\u00b0C""}, {""id"": 3, ""type"": ""TOTAL_POWER"", ""value"": ""171.60"", ""unit"": ""W""}]}"
2026-05-18T04:00:00.000Z,marseille-marseille-zone-01,marseille-marseille-zone-01-master-02,master,marseille,12.0,24.45,20.0,171.6,19.8,18.0,,"{""timestamp"": ""2026-05-18T04:00:00.000Z"", ""hostname"": ""marseille-marseille-zone-01-master-02"", ""environment"": {""external_city"": ""Marseille"", ""external_temp"": ""18.0"", ""ambient_dc_temp"": ""19.8""}, ""current_fan_speed"": 20, ""load_percent"": ""12.00"", ""sensors"": [{""id"": 6, ""type"": ""LOAD"", ""value"": ""12.00"", ""unit"": ""%""}, {""id"": 7, ""type"": ""CPU_TEMP"", ""value"": ""24.45"", ""unit"": ""\u00b0C""}, {""id"": 8, ""type"": ""TOTAL_POWER"", ""value"": ""171.60"", ""unit"": ""W""}, {""id"": 9, ""type"": ""FAN_SPEED_1"", ""value"": ""20.00"", ""unit"": ""%""}, {""id"": 10, ""type"": ""FAN_SPEED_2"", ""value"": ""20.00"", ""unit"": ""%""}]}"
2026-05-18T04:00:00.000Z,marseille-marseille-zone-01,marseille-marseille-zone-01-worker-01,worker,marseille,20.0,28.21,20.0,198.0,19.8,18.0,,"{""timestamp"": ""2026-05-18T04:00:00.000Z"", ""hostname"": ""marseille-marseille-zone-01-worker-01"", ""environment"": {""external_city"": ""Marseille"", ""external_temp"": ""18.0"", ""ambient_dc_temp"": ""19.8""}, ""current_fan_speed"": 20, ""load_percent"": ""20.00"", ""sensors"": [{""id"": 13, ""type"": ""TOTAL_POWER"", ""value"": ""198.00"", ""unit"": ""W""}, {""id"": 14, ""type"": ""FAN_SPEED_1"", ""value"": ""20.00"", ""unit"": ""%""}, {""id"": 15, ""type"": ""FAN_SPEED_2"", ""value"": ""20.00"", ""unit"": ""%""}, {""id"": 11, ""type"": ""LOAD"", ""value"": ""20.00"", ""unit"": ""%""}, {""id"": 12, ""type"": ""CPU_TEMP"", ""value"": ""28.21"", ""unit"": ""\u00b0C""}]}"
2026-05-18T04:00:00.000Z,marseille-marseille-zone-01,marseille-marseille-zone-01-worker-02,worker,marseille,20.0,28.44,20.0,198.0,19.8,18.0,,"{""timestamp"": ""2026-05-18T04:00:00.000Z"", ""hostname"": ""marseille-marseille-zone-01-worker-02"", ""environment"": {""external_city"": ""Marseille"", ""external_temp"": ""18.0"", ""ambient_dc_temp"": ""19.8""}, ""current_fan_speed"": 20, ""load_percent"": ""20.00"", ""sensors"": [{""id"": 16, ""type"": ""LOAD"", ""value"": ""20.00"", ""unit"": ""%""}, {""id"": 17, ""type"": ""CPU_TEMP"", ""value"": ""28.44"", ""unit"": ""\u00b0C""}, {""id"": 18, ""type"": ""TOTAL_POWER"", ""value"": ""198.00"", ""unit"": ""W""}, {""id"": 19, ""type"": ""FAN_SPEED_1"", ""value"": ""20.00"", ""unit"": ""%""}, {""id"": 20, ""type"": ""FAN_SPEED_2"", ""value"": ""20.00"", ""unit"": ""%""}]}"
2026-05-18T04:00:00.000Z,marseille-marseille-zone-01,marseille-marseille-zone-01-worker-03,worker,marseille,20.0,28.31,20.0,198.0,19.8,18.0,,"{""timestamp"": ""2026-05-18T04:00:00.000Z"", ""hostname"": ""marseille-marseille-zone-01-worker-03"", ""environment"": {""external_city"": ""Marseille"", ""external_temp"": ""18.0"", ""ambient_dc_temp"": ""19.8""}, ""current_fan_speed"": 20, ""load_percent"": ""20.00"", ""sensors"": [{""id"": 24, ""type"": ""FAN_SPEED_1"", ""value"": ""20.00"", ""unit"": ""%""}, {""id"": 25, ""type"": ""FAN_SPEED_2"", ""value"": ""20.00"", ""unit"": ""%""}, {""id"": 21, ""type"": ""LOAD"", ""value"": ""20.00"", ""unit"": ""%""}, {""id"": 22, ""type"": ""CPU_TEMP"", ""value"": ""28.31"", ""unit"": ""\u00b0C""}, {""id"": 23, ""type"": ""TOTAL_POWER"", ""value"": ""198.00"", ""unit"": ""W""}]}"
2026-05-18T04:00:00.000Z,marseille-marseille-zone-01,marseille-marseille-zone-01-worker-04,worker,marseille,20.0,28.42,20.0,198.0,19.8,18.0,,"{""timestamp"": ""2026-05-18T04:00:00.000Z"", ""hostname"": ""marseille-marseille-zone-01-worker-04"", ""environment"": {""external_city"": ""Marseille"", ""external_temp"": ""18.0"", ""ambient_dc_temp"": ""19.8""}, ""current_fan_speed"": 20, ""load_percent"": ""20.00"", ""sensors"": [{""id"": 29, ""type"": ""FAN_SPEED_1"", ""value"": ""20.00"", ""unit"": ""%""}, {""id"": 30, ""type"": ""FAN_SPEED_2"", ""value"": ""20.00"", ""unit"": ""%""}, {""id"": 26, ""type"": ""LOAD"", ""value"": ""20.00"", ""unit"": ""%""}, {""id"": 27, ""type"": ""CPU_TEMP"", ""value"": ""28.42"", ""unit"": ""\u00b0C""}, {""id"": 28, ""type"": ""TOTAL_POWER"", ""value"": ""198.00"", ""unit"": ""W""}]}"
2026-05-18T04:00:00.000Z,marseille-marseille-zone-01,marseille-marseille-zone-01-worker-05,worker,marseille,20.0,28.36,20.0,198.0,19.8,18.0,,"{""timestamp"": ""2026-05-18T04:00:00.000Z"", ""hostname"": ""marseille-marseille-zone-01-worker-05"", ""environment"": {""external_city"": ""Marseille"", ""external_temp"": ""18.0"", ""ambient_dc_temp"": ""19.8""}, ""current_fan_speed"": 20, ""load_percent"": ""20.00"", ""sensors"": [{""id"": 35, ""type"": ""FAN_SPEED_2"", ""value"": ""20.00"", ""unit"": ""%""}, {""id"": 31, ""type"": ""LOAD"", ""value"": ""20.00"", ""unit"": ""%""}, {""id"": 32, ""type"": ""CPU_TEMP"", ""value"": ""28.36"", ""unit"": ""\u00b0C""}, {""id"": 33, ""type"": ""TOTAL_POWER"", ""value"": ""198.00"", ""unit"": ""W""}, {""id"": 34, ""type"": ""FAN_SPEED_1"", ""value"": ""20.00"", ""unit"": ""%""}]}"
2026-05-18T04:00:00.000Z,marseille-marseille-zone-01,marseille-marseille-zone-01-worker-06,worker,marseille,20.0,28.33,20.0,198.0,19.8,18.0,,"{""timestamp"": ""2026-05-18T04:00:00.000Z"", ""hostname"": ""marseille-marseille-zone-01-worker-06"", ""environment"": {""external_city"": ""Marseille"", ""external_temp"": ""18.0"", ""ambient_dc_temp"": ""19.8""}, ""current_fan_speed"": 20, ""load_percent"": ""20.00"", ""sensors"": [{""id"": 37, ""type"": ""CPU_TEMP"", ""value"": ""28.33"", ""unit"": ""\u00b0C""}, {""id"": 38, ""type"": ""TOTAL_POWER"", ""value"": ""198.00"", ""unit"": ""W""}, {""id"": 39, ""type"": ""FAN_SPEED_1"", ""value"": ""20.00"", ""unit"": ""%""}, {""id"": 40, ""type"": ""FAN_SPEED_2"", ""value"": ""20.00"", ""unit"": ""%""}, {""id"": 36, ""type"": ""LOAD"", ""value"": ""20.00"", ""unit"": ""%""}]}"
2026-05-18T04:00:00.000Z,marseille-marseille-zone-01,marseille-marseille-zone-01-worker-07,worker,marseille,20.0,28.37,20.0,198.0,19.8,18.0,,"{""timestamp"": ""2026-05-18T04:00:00.000Z"", ""hostname"": ""marseille-marseille-zone-01-worker-07"", ""environment"": {""external_city"": ""Marseille"", ""external_temp"": ""18.0"", ""ambient_dc_temp"": ""19.8""}, ""current_fan_speed"": 20, ""load_percent"": ""20.00"", ""sensors"": [{""id"": 44, ""type"": ""FAN_SPEED_1"", ""value"": ""20.00"", ""unit"": ""%""}, {""id"": 45, ""type"": ""FAN_SPEED_2"", ""value"": ""20.00"", ""unit"": ""%""}, {""id"": 41, ""type"": ""LOAD"", ""value"": ""20.00"", ""unit"": ""%""}, {""id"": 42, ""type"": ""CPU_TEMP"", ""value"": ""28.37"", ""unit"": ""\u00b0C""}, {""id"": 43, ""type"": ""TOTAL_POWER"", ""value"": ""198.00"", ""unit"": ""W""}]}"
2026-05-18T04:00:00.000Z,marseille-marseille-zone-01,marseille-marseille-zone-01-worker-08,worker,marseille,20.0,28.27,20.0,198.0,19.8,18.0,,"{""timestamp"": ""2026-05-18T04:00:00.000Z"", ""hostname"": ""marseille-marseille-zone-01-worker-08"", ""environment"": {""external_city"": ""Marseille"", ""external_temp"": ""18.0"", ""ambient_dc_temp"": ""19.8""}, ""current_fan_speed"": 20, ""load_percent"": ""20.00"", ""sensors"": [{""id"": 49, ""type"": ""FAN_SPEED_1"", ""value"": ""20.00"", ""unit"": ""%""}, {""id"": 50, ""type"": ""FAN_SPEED_2"", ""value"": ""20.00"", ""unit"": ""%""}, {""id"": 46, ""type"": ""LOAD"", ""value"": ""20.00"", ""unit"": ""%""}, {""id"": 47, ""type"": ""CPU_TEMP"", ""value"": ""28.27"", ""unit"": ""\u00b0C""}, {""id"": 48, ""type"": ""TOTAL_POWER"", ""value"": ""198.00"", ""unit"": ""W""}]}"
2026-05-18T05:00:00.000Z,marseille-marseille-zone-01,marseille-marseille-zone-01-master-01,master,marseille,12.0,24.21,20.0,171.6,19.8,18.0,,"{""timestamp"": ""2026-05-18T05:00:00.000Z"", ""hostname"": ""marseille-marseille-zone-01-master-01"", ""environment"": {""external_city"": ""Marseille"", ""external_temp"": ""18.0"", ""ambient_dc_temp"": ""19.8""}, ""current_fan_speed"": 20, ""load_percent"": ""12.00"", ""sensors"": [{""id"": 5, ""type"": ""FAN_SPEED_2"", ""value"": ""20.00"", ""unit"": ""%""}, {""id"": 1, ""type"": ""LOAD"", ""value"": ""12.00"", ""unit"": ""%""}, {""id"": 2, ""type"": ""CPU_TEMP"", ""value"": ""24.21"", ""unit"": ""\u00b0C""}, {""id"": 3, ""type"": ""TOTAL_POWER"", ""value"": ""171.60"", ""unit"": ""W""}, {""id"": 4, ""type"": ""FAN_SPEED_1"", ""value"": ""20.00"", ""unit"": ""%""}]}"
2026-05-18T05:00:00.000Z,marseille-marseille-zone-01,marseille-marseille-zone-01-master-02,master,marseille,12.0,24.27,20.0,171.6,19.8,18.0,,"{""timestamp"": ""2026-05-18T05:00:00.000Z"", ""hostname"": ""marseille-marseille-zone-01-master-02"", ""environment"": {""external_city"": ""Marseille"", ""external_temp"": ""18.0"", ""ambient_dc_temp"": ""19.8""}, ""current_fan_speed"": 20, ""load_percent"": ""12.00"", ""sensors"": [{""id"": 7, ""type"": ""CPU_TEMP"", ""value"": ""24.27"", ""unit"": ""\u00b0C""}, {""id"": 8, ""type"": ""TOTAL_POWER"", ""value"": ""171.60"", ""unit"": ""W""}, {""id"": 9, ""type"": ""FAN_SPEED_1"", ""value"": ""20.00"", ""unit"": ""%""}, {""id"": 10, ""type"": ""FAN_SPEED_2"", ""value"": ""20.00"", ""unit"": ""%""}, {""id"": 6, ""type"": ""LOAD"", ""value"": ""12.00"", ""unit"": ""%""}]}"
2026-05-18T05:00:00.000Z,marseille-marseille-zone-01,marseille-marseille-zone-01-worker-01,worker,marseille,20.0,28.46,20.0,198.0,19.8,18.0,,"{""timestamp"": ""2026-05-18T05:00:00.000Z"", ""hostname"": ""marseille-marseille-zone-01-worker-01"", ""environment"": {""external_city"": ""Marseille"", ""external_temp"": ""18.0"", ""ambient_dc_temp"": ""19.8""}, ""current_fan_speed"": 20, ""load_percent"": ""20.00"", ""sensors"": [{""id"": 14, ""type"": ""FAN_SPEED_1"", ""value"": ""20.00"", ""unit"": ""%""}, {""id"": 15, ""type"": ""FAN_SPEED_2"", ""value"": ""20.00"", ""unit"": ""%""}, {""id"": 11, ""type"": ""LOAD"", ""value"": ""20.00"", ""unit"": ""%""}, {""id"": 12, ""type"": ""CPU_TEMP"", ""value"": ""28.46"", ""unit"": ""\u00b0C""}, {""id"": 13, ""type"": ""TOTAL_POWER"", ""value"": ""198.00"", ""unit"": ""W""}]}"
2026-05-18T05:00:00.000Z,marseille-marseille-zone-01,marseille-marseille-zone-01-worker-02,worker,marseille,20.0,28.38,20.0,198.0,19.8,18.0,,"{""timestamp"": ""2026-05-18T05:00:00.000Z"", ""hostname"": ""marseille-marseille-zone-01-worker-02"", ""environment"": {""external_city"": ""Marseille"", ""external_temp"": ""18.0"", ""ambient_dc_temp"": ""19.8""}, ""current_fan_speed"": 20, ""load_percent"": ""20.00"", ""sensors"": [{""id"": 18, ""type"": ""TOTAL_POWER"", ""value"": ""198.00"", ""unit"": ""W""}, {""id"": 19, ""type"": ""FAN_SPEED_1"", ""value"": ""20.00"", ""unit"": ""%""}, {""id"": 20, ""type"": ""FAN_SPEED_2"", ""value"": ""20.00"", ""unit"": ""%""}, {""id"": 16, ""type"": ""LOAD"", ""value"": ""20.00"", ""unit"": ""%""}, {""id"": 17, ""type"": ""CPU_TEMP"", ""value"": ""28.38"", ""unit"": ""\u00b0C""}]}"
2026-05-18T05:00:00.000Z,marseille-marseille-zone-01,marseille-marseille-zone-01-worker-03,worker,marseille,20.0,28.28,20.0,198.0,19.8,18.0,,"{""timestamp"": ""2026-05-18T05:00:00.000Z"", ""hostname"": ""marseille-marseille-zone-01-worker-03"", ""environment"": {""external_city"": ""Marseille"", ""external_temp"": ""18.0"", ""ambient_dc_temp"": ""19.8""}, ""current_fan_speed"": 20, ""load_percent"": ""20.00"", ""sensors"": [{""id"": 25, ""type"": ""FAN_SPEED_2"", ""value"": ""20.00"", ""unit"": ""%""}, {""id"": 21, ""type"": ""LOAD"", ""value"": ""20.00"", ""unit"": ""%""}, {""id"": 22, ""type"": ""CPU_TEMP"", ""value"": ""28.28"", ""unit"": ""\u00b0C""}, {""id"": 23, ""type"": ""TOTAL_POWER"", ""value"": ""198.00"", ""unit"": ""W""}, {""id"": 24, ""type"": ""FAN_SPEED_1"", ""value"": ""20.00"", ""unit"": ""%""}]}"
2026-05-18T05:00:00.000Z,marseille-marseille-zone-01,marseille-marseille-zone-01-worker-04,worker,marseille,20.0,28.46,20.0,198.0,19.8,18.0,,"{""timestamp"": ""2026-05-18T05:00:00.000Z"", ""hostname"": ""marseille-marseille-zone-01-worker-04"", ""environment"": {""external_city"": ""Marseille"", ""external_temp"": ""18.0"", ""ambient_dc_temp"": ""19.8""}, ""current_fan_speed"": 20, ""load_percent"": ""20.00"", ""sensors"": [{""id"": 29, ""type"": ""FAN_SPEED_1"", ""value"": ""20.00"", ""unit"": ""%""}, {""id"": 30, ""type"": ""FAN_SPEED_2"", ""value"": ""20.00"", ""unit"": ""%""}, {""id"": 26, ""type"": ""LOAD"", ""value"": ""20.00"", ""unit"": ""%""}, {""id"": 27, ""type"": ""CPU_TEMP"", ""value"": ""28.46"", ""unit"": ""\u00b0C""}, {""id"": 28, ""type"": ""TOTAL_POWER"", ""value"": ""198.00"", ""unit"": ""W""}]}"
2026-05-18T05:00:00.000Z,marseille-marseille-zone-01,marseille-marseille-zone-01-worker-05,worker,marseille,20.0,28.24,20.0,198.0,19.8,18.0,,"{""timestamp"": ""2026-05-18T05:00:00.000Z"", ""hostname"": ""marseille-marseille-zone-01-worker-05"", ""environment"": {""external_city"": ""Marseille"", ""external_temp"": ""18.0"", ""ambient_dc_temp"": ""19.8""}, ""current_fan_speed"": 20, ""load_percent"": ""20.00"", ""sensors"": [{""id"": 31, ""type"": ""LOAD"", ""value"": ""20.00"", ""unit"": ""%""}, {""id"": 32, ""type"": ""CPU_TEMP"", ""value"": ""28.24"", ""unit"": ""\u00b0C""}, {""id"": 33, ""type"": ""TOTAL_POWER"", ""value"": ""198.00"", ""unit"": ""W""}, {""id"": 34, ""type"": ""FAN_SPEED_1"", ""value"": ""20.00"", ""unit"": ""%""}, {""id"": 35, ""type"": ""FAN_SPEED_2"", ""value"": ""20.00"", ""unit"": ""%""}]}"
2026-05-18T05:00:00.000Z,marseille-marseille-zone-01,marseille-marseille-zone-01-worker-06,worker,marseille,20.0,28.34,20.0,198.0,19.8,18.0,,"{""timestamp"": ""2026-05-18T05:00:00.000Z"", ""hostname"": ""marseille-marseille-zone-01-worker-06"", ""environment"": {""external_city"": ""Marseille"", ""external_temp"": ""18.0"", ""ambient_dc_temp"": ""19.8""}, ""current_fan_speed"": 20, ""load_percent"": ""20.00"", ""sensors"": [{""id"": 38, ""type"": ""TOTAL_POWER"", ""value"": ""198.00"", ""unit"": ""W""}, {""id"": 39, ""type"": ""FAN_SPEED_1"", ""value"": ""20.00"", ""unit"": ""%""}, {""id"": 40, ""type"": ""FAN_SPEED_2"", ""value"": ""20.00"", ""unit"": ""%""}, {""id"": 36, ""type"": ""LOAD"", ""value"": ""20.00"", ""unit"": ""%""}, {""id"": 37, ""type"": ""CPU_TEMP"", ""value"": ""28.34"", ""unit"": ""\u00b0C""}]}"
2026-05-18T05:00:00.000Z,marseille-marseille-zone-01,marseille-marseille-zone-01-worker-07,worker,marseille,20.0,28.43,20.0,198.0,19.8,18.0,,"{""timestamp"": ""2026-05-18T05:00:00.000Z"", ""hostname"": ""marseille-marseille-zone-01-worker-07"", ""environment"": {""external_city"": ""Marseille"", ""external_temp"": ""18.0"", ""ambient_dc_temp"": ""19.8""}, ""current_fan_speed"": 20, ""load_percent"": ""20.00"", ""sensors"": [{""id"": 45, ""type"": ""FAN_SPEED_2"", ""value"": ""20.00"", ""unit"": ""%""}, {""id"": 41, ""type"": ""LOAD"", ""value"": ""20.00"", ""unit"": ""%""}, {""id"": 42, ""type"": ""CPU_TEMP"", ""value"": ""28.43"", ""unit"": ""\u00b0C""}, {""id"": 43, ""type"": ""TOTAL_POWER"", ""value"": ""198.00"", ""unit"": ""W""}, {""id"": 44, ""type"": ""FAN_SPEED_1"", ""value"": ""20.00"", ""unit"": ""%""}]}"
2026-05-18T05:00:00.000Z,marseille-marseille-zone-01,marseille-marseille-zone-01-worker-08,worker,marseille,20.0,28.25,20.0,198.0,19.8,18.0,,"{""timestamp"": ""2026-05-18T05:00:00.000Z"", ""hostname"": ""marseille-marseille-zone-01-worker-08"", ""environment"": {""external_city"": ""Marseille"", ""external_temp"": ""18.0"", ""ambient_dc_temp"": ""19.8""}, ""current_fan_speed"": 20, ""load_percent"": ""20.00"", ""sensors"": [{""id"": 50, ""type"": ""FAN_SPEED_2"", ""value"": ""20.00"", ""unit"": ""%""}, {""id"": 46, ""type"": ""LOAD"", ""value"": ""20.00"", ""unit"": ""%""}, {""id"": 47, ""type"": ""CPU_TEMP"", ""value"": ""28.25"", ""unit"": ""\u00b0C""}, {""id"": 48, ""type"": ""TOTAL_POWER"", ""value"": ""198.00"", ""unit"": ""W""}, {""id"": 49, ""type"": ""FAN_SPEED_1"", ""value"": ""20.00"", ""unit"": ""%""}]}"
2026-05-18T06:00:00.000Z,marseille-marseille-zone-01,marseille-marseille-zone-01-master-01,master,marseille,12.0,24.31,20.0,171.6,19.8,18.0,,"{""timestamp"": ""2026-05-18T06:00:00.000Z"", ""hostname"": ""marseille-marseille-zone-01-master-01"", ""environment"": {""external_city"": ""Marseille"", ""external_temp"": ""18.0"", ""ambient_dc_temp"": ""19.8""}, ""current_fan_speed"": 20, ""load_percent"": ""12.00"", ""sensors"": [{""id"": 4, ""type"": ""FAN_SPEED_1"", ""value"": ""20.00"", ""unit"": ""%""}, {""id"": 5, ""type"": ""FAN_SPEED_2"", ""value"": ""20.00"", ""unit"": ""%""}, {""id"": 1, ""type"": ""LOAD"", ""value"": ""12.00"", ""unit"": ""%""}, {""id"": 2, ""type"": ""CPU_TEMP"", ""value"": ""24.31"", ""unit"": ""\u00b0C""}, {""id"": 3, ""type"": ""TOTAL_POWER"", ""value"": ""171.60"", ""unit"": ""W""}]}"
2026-05-18T06:00:00.000Z,marseille-marseille-zone-01,marseille-marseille-zone-01-master-02,master,marseille,12.0,24.4,20.0,171.6,19.8,18.0,,"{""timestamp"": ""2026-05-18T06:00:00.000Z"", ""hostname"": ""marseille-marseille-zone-01-master-02"", ""environment"": {""external_city"": ""Marseille"", ""external_temp"": ""18.0"", ""ambient_dc_temp"": ""19.8""}, ""current_fan_speed"": 20, ""load_percent"": ""12.00"", ""sensors"": [{""id"": 9, ""type"": ""FAN_SPEED_1"", ""value"": ""20.00"", ""unit"": ""%""}, {""id"": 10, ""type"": ""FAN_SPEED_2"", ""value"": ""20.00"", ""unit"": ""%""}, {""id"": 7, ""type"": ""CPU_TEMP"", ""value"": ""24.40"", ""unit"": ""\u00b0C""}, {""id"": 6, ""type"": ""LOAD"", ""value"": ""12.00"", ""unit"": ""%""}, {""id"": 8, ""type"": ""TOTAL_POWER"", ""value"": ""171.60"", ""unit"": ""W""}]}"
2026-05-18T06:00:00.000Z,marseille-marseille-zone-01,marseille-marseille-zone-01-worker-01,worker,marseille,20.0,28.44,20.0,198.0,19.8,18.0,,"{""timestamp"": ""2026-05-18T06:00:00.000Z"", ""hostname"": ""marseille-marseille-zone-01-worker-01"", ""environment"": {""external_city"": ""Marseille"", ""external_temp"": ""18.0"", ""ambient_dc_temp"": ""19.8""}, ""current_fan_speed"": 20, ""load_percent"": ""20.00"", ""sensors"": [{""id"": 11, ""type"": ""LOAD"", ""value"": ""20.00"", ""unit"": ""%""}, {""id"": 12, ""type"": ""CPU_TEMP"", ""value"": ""28.44"", ""unit"": ""\u00b0C""}, {""id"": 13, ""type"": ""TOTAL_POWER"", ""value"": ""198.00"", ""unit"": ""W""}, {""id"": 14, ""type"": ""FAN_SPEED_1"", ""value"": ""20.00"", ""unit"": ""%""}, {""id"": 15, ""type"": ""FAN_SPEED_2"", ""value"": ""20.00"", ""unit"": ""%""}]}"
2026-05-18T06:00:00.000Z,marseille-marseille-zone-01,marseille-marseille-zone-01-worker-02,worker,marseille,20.0,28.27,20.0,198.0,19.8,18.0,,"{""timestamp"": ""2026-05-18T06:00:00.000Z"", ""hostname"": ""marseille-marseille-zone-01-worker-02"", ""environment"": {""external_city"": ""Marseille"", ""external_temp"": ""18.0"", ""ambient_dc_temp"": ""19.8""}, ""current_fan_speed"": 20, ""load_percent"": ""20.00"", ""sensors"": [{""id"": 16, ""type"": ""LOAD"", ""value"": ""20.00"", ""unit"": ""%""}, {""id"": 17, ""type"": ""CPU_TEMP"", ""value"": ""28.27"", ""unit"": ""\u00b0C""}, {""id"": 18, ""type"": ""TOTAL_POWER"", ""value"": ""198.00"", ""unit"": ""W""}, {""id"": 19, ""type"": ""FAN_SPEED_1"", ""value"": ""20.00"", ""unit"": ""%""}, {""id"": 20, ""type"": ""FAN_SPEED_2"", ""value"": ""20.00"", ""unit"": ""%""}]}"
2026-05-18T06:00:00.000Z,marseille-marseille-zone-01,marseille-marseille-zone-01-worker-03,worker,marseille,20.0,28.42,20.0,198.0,19.8,18.0,,"{""timestamp"": ""2026-05-18T06:00:00.000Z"", ""hostname"": ""marseille-marseille-zone-01-worker-03"", ""environment"": {""external_city"": ""Marseille"", ""external_temp"": ""18.0"", ""ambient_dc_temp"": ""19.8""}, ""current_fan_speed"": 20, ""load_percent"": ""20.00"", ""sensors"": [{""id"": 23, ""type"": ""TOTAL_POWER"", ""value"": ""198.00"", ""unit"": ""W""}, {""id"": 24, ""type"": ""FAN_SPEED_1"", ""value"": ""20.00"", ""unit"": ""%""}, {""id"": 25, ""type"": ""FAN_SPEED_2"", ""value"": ""20.00"", ""unit"": ""%""}, {""id"": 21, ""type"": ""LOAD"", ""value"": ""20.00"", ""unit"": ""%""}, {""id"": 22, ""type"": ""CPU_TEMP"", ""value"": ""28.42"", ""unit"": ""\u00b0C""}]}"
2026-05-18T06:00:00.000Z,marseille-marseille-zone-01,marseille-marseille-zone-01-worker-04,worker,marseille,20.0,28.21,20.0,198.0,19.8,18.0,,"{""timestamp"": ""2026-05-18T06:00:00.000Z"", ""hostname"": ""marseille-marseille-zone-01-worker-04"", ""environment"": {""external_city"": ""Marseille"", ""external_temp"": ""18.0"", ""ambient_dc_temp"": ""19.8""}, ""current_fan_speed"": 20, ""load_percent"": ""20.00"", ""sensors"": [{""id"": 26, ""type"": ""LOAD"", ""value"": ""20.00"", ""unit"": ""%""}, {""id"": 27, ""type"": ""CPU_TEMP"", ""value"": ""28.21"", ""unit"": ""\u00b0C""}, {""id"": 28, ""type"": ""TOTAL_POWER"", ""value"": ""198.00"", ""unit"": ""W""}, {""id"": 29, ""type"": ""FAN_SPEED_1"", ""value"": ""20.00"", ""unit"": ""%""}, {""id"": 30, ""type"": ""FAN_SPEED_2"", ""value"": ""20.00"", ""unit"": ""%""}]}"
2026-05-18T06:00:00.000Z,marseille-marseille-zone-01,marseille-marseille-zone-01-worker-05,worker,marseille,20.0,28.3,20.0,198.0,19.8,18.0,,"{""timestamp"": ""2026-05-18T06:00:00.000Z"", ""hostname"": ""marseille-marseille-zone-01-worker-05"", ""environment"": {""external_city"": ""Marseille"", ""external_temp"": ""18.0"", ""ambient_dc_temp"": ""19.8""}, ""current_fan_speed"": 20, ""load_percent"": ""20.00"", ""sensors"": [{""id"": 33, ""type"": ""TOTAL_POWER"", ""value"": ""198.00"", ""unit"": ""W""}, {""id"": 34, ""type"": ""FAN_SPEED_1"", ""value"": ""20.00"", ""unit"": ""%""}, {""id"": 35, ""type"": ""FAN_SPEED_2"", ""value"": ""20.00"", ""unit"": ""%""}, {""id"": 31, ""type"": ""LOAD"", ""value"": ""20.00"", ""unit"": ""%""}, {""id"": 32, ""type"": ""CPU_TEMP"", ""value"": ""28.30"", ""unit"": ""\u00b0C""}]}"
2026-05-18T06:00:00.000Z,marseille-marseille-zone-01,marseille-marseille-zone-01-worker-06,worker,marseille,20.0,28.31,20.0,198.0,19.8,18.0,,"{""timestamp"": ""2026-05-18T06:00:00.000Z"", ""hostname"": ""marseille-marseille-zone-01-worker-06"", ""environment"": {""external_city"": ""Marseille"", ""external_temp"": ""18.0"", ""ambient_dc_temp"": ""19.8""}, ""current_fan_speed"": 20, ""load_percent"": ""20.00"", ""sensors"": [{""id"": 40, ""type"": ""FAN_SPEED_2"", ""value"": ""20.00"", ""unit"": ""%""}, {""id"": 36, ""type"": ""LOAD"", ""value"": ""20.00"", ""unit"": ""%""}, {""id"": 37, ""type"": ""CPU_TEMP"", ""value"": ""28.31"", ""unit"": ""\u00b0C""}, {""id"": 38, ""type"": ""TOTAL_POWER"", ""value"": ""198.00"", ""unit"": ""W""}, {""id"": 39, ""type"": ""FAN_SPEED_1"", ""value"": ""20.00"", ""unit"": ""%""}]}"
2026-05-18T06:00:00.000Z,marseille-marseille-zone-01,marseille-marseille-zone-01-worker-07,worker,marseille,20.0,28.36,20.0,198.0,19.8,18.0,,"{""timestamp"": ""2026-05-18T06:00:00.000Z"", ""hostname"": ""marseille-marseille-zone-01-worker-07"", ""environment"": {""external_city"": ""Marseille"", ""external_temp"": ""18.0"", ""ambient_dc_temp"": ""19.8""}, ""current_fan_speed"": 20, ""load_percent"": ""20.00"", ""sensors"": [{""id"": 42, ""type"": ""CPU_TEMP"", ""value"": ""28.36"", ""unit"": ""\u00b0C""}, {""id"": 43, ""type"": ""TOTAL_POWER"", ""value"": ""198.00"", ""unit"": ""W""}, {""id"": 44, ""type"": ""FAN_SPEED_1"", ""value"": ""20.00"", ""unit"": ""%""}, {""id"": 45, ""type"": ""FAN_SPEED_2"", ""value"": ""20.00"", ""unit"": ""%""}, {""id"": 41, ""type"": ""LOAD"", ""value"": ""20.00"", ""unit"": ""%""}]}"
2026-05-18T06:00:00.000Z,marseille-marseille-zone-01,marseille-marseille-zone-01-worker-08,worker,marseille,20.0,28.28,20.0,198.0,19.8,18.0,,"{""timestamp"": ""2026-05-18T06:00:00.000Z"", ""hostname"": ""marseille-marseille-zone-01-worker-08"", ""environment"": {""external_city"": ""Marseille"", ""external_temp"": ""18.0"", ""ambient_dc_temp"": ""19.8""}, ""current_fan_speed"": 20, ""load_percent"": ""20.00"", ""sensors"": [{""id"": 47, ""type"": ""CPU_TEMP"", ""value"": ""28.28"", ""unit"": ""\u00b0C""}, {""id"": 48, ""type"": ""TOTAL_POWER"", ""value"": ""198.00"", ""unit"": ""W""}, {""id"": 49, ""type"": ""FAN_SPEED_1"", ""value"": ""20.00"", ""unit"": ""%""}, {""id"": 50, ""type"": ""FAN_SPEED_2"", ""value"": ""20.00"", ""unit"": ""%""}, {""id"": 46, ""type"": ""LOAD"", ""value"": ""20.00"", ""unit"": ""%""}]}"
2026-05-18T07:00:00.000Z,marseille-marseille-zone-01,marseille-marseille-zone-01-master-01,master,marseille,12.0,24.42,20.0,171.6,19.8,18.0,,"{""timestamp"": ""2026-05-18T07:00:00.000Z"", ""hostname"": ""marseille-marseille-zone-01-master-01"", ""environment"": {""external_city"": ""Marseille"", ""external_temp"": ""18.0"", ""ambient_dc_temp"": ""19.8""}, ""current_fan_speed"": 20, ""load_percent"": ""12.00"", ""sensors"": [{""id"": 2, ""type"": ""CPU_TEMP"", ""value"": ""24.42"", ""unit"": ""\u00b0C""}, {""id"": 3, ""type"": ""TOTAL_POWER"", ""value"": ""171.60"", ""unit"": ""W""}, {""id"": 4, ""type"": ""FAN_SPEED_1"", ""value"": ""20.00"", ""unit"": ""%""}, {""id"": 5, ""type"": ""FAN_SPEED_2"", ""value"": ""20.00"", ""unit"": ""%""}, {""id"": 1, ""type"": ""LOAD"", ""value"": ""12.00"", ""unit"": ""%""}]}"
2026-05-18T07:00:00.000Z,marseille-marseille-zone-01,marseille-marseille-zone-01-master-02,master,marseille,12.0,24.24,20.0,171.6,19.8,18.0,,"{""timestamp"": ""2026-05-18T07:00:00.000Z"", ""hostname"": ""marseille-marseille-zone-01-master-02"", ""environment"": {""external_city"": ""Marseille"", ""external_temp"": ""18.0"", ""ambient_dc_temp"": ""19.8""}, ""current_fan_speed"": 20, ""load_percent"": ""12.00"", ""sensors"": [{""id"": 6, ""type"": ""LOAD"", ""value"": ""12.00"", ""unit"": ""%""}, {""id"": 8, ""type"": ""TOTAL_POWER"", ""value"": ""171.60"", ""unit"": ""W""}, {""id"": 9, ""type"": ""FAN_SPEED_1"", ""value"": ""20.00"", ""unit"": ""%""}, {""id"": 10, ""type"": ""FAN_SPEED_2"", ""value"": ""20.00"", ""unit"": ""%""}, {""id"": 7, ""type"": ""CPU_TEMP"", ""value"": ""24.24"", ""unit"": ""\u00b0C""}]}"
2026-05-18T07:00:00.000Z,marseille-marseille-zone-01,marseille-marseille-zone-01-worker-01,worker,marseille,20.0,28.3,20.0,198.0,19.8,18.0,,"{""timestamp"": ""2026-05-18T07:00:00.000Z"", ""hostname"": ""marseille-marseille-zone-01-worker-01"", ""environment"": {""external_city"": ""Marseille"", ""external_temp"": ""18.0"", ""ambient_dc_temp"": ""19.8""}, ""current_fan_speed"": 20, ""load_percent"": ""20.00"", ""sensors"": [{""id"": 11, ""type"": ""LOAD"", ""value"": ""20.00"", ""unit"": ""%""}, {""id"": 12, ""type"": ""CPU_TEMP"", ""value"": ""28.30"", ""unit"": ""\u00b0C""}, {""id"": 13, ""type"": ""TOTAL_POWER"", ""value"": ""198.00"", ""unit"": ""W""}, {""id"": 14, ""type"": ""FAN_SPEED_1"", ""value"": ""20.00"", ""unit"": ""%""}, {""id"": 15, ""type"": ""FAN_SPEED_2"", ""value"": ""20.00"", ""unit"": ""%""}]}"
2026-05-18T07:00:00.000Z,marseille-marseille-zone-01,marseille-marseille-zone-01-worker-02,worker,marseille,20.0,28.4,20.0,198.0,19.8,18.0,,"{""timestamp"": ""2026-05-18T07:00:00.000Z"", ""hostname"": ""marseille-marseille-zone-01-worker-02"", ""environment"": {""external_city"": ""Marseille"", ""external_temp"": ""18.0"", ""ambient_dc_temp"": ""19.8""}, ""current_fan_speed"": 20, ""load_percent"": ""20.00"", ""sensors"": [{""id"": 16, ""type"": ""LOAD"", ""value"": ""20.00"", ""unit"": ""%""}, {""id"": 17, ""type"": ""CPU_TEMP"", ""value"": ""28.40"", ""unit"": ""\u00b0C""}, {""id"": 18, ""type"": ""TOTAL_POWER"", ""value"": ""198.00"", ""unit"": ""W""}, {""id"": 19, ""type"": ""FAN_SPEED_1"", ""value"": ""20.00"", ""unit"": ""%""}, {""id"": 20, ""type"": ""FAN_SPEED_2"", ""value"": ""20.00"", ""unit"": ""%""}]}"
2026-05-18T07:00:00.000Z,marseille-marseille-zone-01,marseille-marseille-zone-01-worker-03,worker,marseille,20.0,28.31,20.0,198.0,19.8,18.0,,"{""timestamp"": ""2026-05-18T07:00:00.000Z"", ""hostname"": ""marseille-marseille-zone-01-worker-03"", ""environment"": {""external_city"": ""Marseille"", ""external_temp"": ""18.0"", ""ambient_dc_temp"": ""19.8""}, ""current_fan_speed"": 20, ""load_percent"": ""20.00"", ""sensors"": [{""id"": 21, ""type"": ""LOAD"", ""value"": ""20.00"", ""unit"": ""%""}, {""id"": 22, ""type"": ""CPU_TEMP"", ""value"": ""28.31"", ""unit"": ""\u00b0C""}, {""id"": 23, ""type"": ""TOTAL_POWER"", ""value"": ""198.00"", ""unit"": ""W""}, {""id"": 24, ""type"": ""FAN_SPEED_1"", ""value"": ""20.00"", ""unit"": ""%""}, {""id"": 25, ""type"": ""FAN_SPEED_2"", ""value"": ""20.00"", ""unit"": ""%""}]}"
2026-05-18T07:00:00.000Z,marseille-marseille-zone-01,marseille-marseille-zone-01-worker-04,worker,marseille,20.0,28.2,20.0,198.0,19.8,18.0,,"{""timestamp"": ""2026-05-18T07:00:00.000Z"", ""hostname"": ""marseille-marseille-zone-01-worker-04"", ""environment"": {""external_city"": ""Marseille"", ""external_temp"": ""18.0"", ""ambient_dc_temp"": ""19.8""}, ""current_fan_speed"": 20, ""load_percent"": ""20.00"", ""sensors"": [{""id"": 30, ""type"": ""FAN_SPEED_2"", ""value"": ""20.00"", ""unit"": ""%""}, {""id"": 26, ""type"": ""LOAD"", ""value"": ""20.00"", ""unit"": ""%""}, {""id"": 27, ""type"": ""CPU_TEMP"", ""value"": ""28.20"", ""unit"": ""\u00b0C""}, {""id"": 28, ""type"": ""TOTAL_POWER"", ""value"": ""198.00"", ""unit"": ""W""}, {""id"": 29, ""type"": ""FAN_SPEED_1"", ""value"": ""20.00"", ""unit"": ""%""}]}"
2026-05-18T07:00:00.000Z,marseille-marseille-zone-01,marseille-marseille-zone-01-worker-05,worker,marseille,20.0,28.39,20.0,198.0,19.8,18.0,,"{""timestamp"": ""2026-05-18T07:00:00.000Z"", ""hostname"": ""marseille-marseille-zone-01-worker-05"", ""environment"": {""external_city"": ""Marseille"", ""external_temp"": ""18.0"", ""ambient_dc_temp"": ""19.8""}, ""current_fan_speed"": 20, ""load_percent"": ""20.00"", ""sensors"": [{""id"": 33, ""type"": ""TOTAL_POWER"", ""value"": ""198.00"", ""unit"": ""W""}, {""id"": 34, ""type"": ""FAN_SPEED_1"", ""value"": ""20.00"", ""unit"": ""%""}, {""id"": 35, ""type"": ""FAN_SPEED_2"", ""value"": ""20.00"", ""unit"": ""%""}, {""id"": 31, ""type"": ""LOAD"", ""value"": ""20.00"", ""unit"": ""%""}, {""id"": 32, ""type"": ""CPU_TEMP"", ""value"": ""28.39"", ""unit"": ""\u00b0C""}]}"
2026-05-18T07:00:00.000Z,marseille-marseille-zone-01,marseille-marseille-zone-01-worker-06,worker,marseille,20.0,28.31,20.0,198.0,19.8,18.0,,"{""timestamp"": ""2026-05-18T07:00:00.000Z"", ""hostname"": ""marseille-marseille-zone-01-worker-06"", ""environment"": {""external_city"": ""Marseille"", ""external_temp"": ""18.0"", ""ambient_dc_temp"": ""19.8""}, ""current_fan_speed"": 20, ""load_percent"": ""20.00"", ""sensors"": [{""id"": 37, ""type"": ""CPU_TEMP"", ""value"": ""28.31"", ""unit"": ""\u00b0C""}, {""id"": 38, ""type"": ""TOTAL_POWER"", ""value"": ""198.00"", ""unit"": ""W""}, {""id"": 39, ""type"": ""FAN_SPEED_1"", ""value"": ""20.00"", ""unit"": ""%""}, {""id"": 40, ""type"": ""FAN_SPEED_2"", ""value"": ""20.00"", ""unit"": ""%""}, {""id"": 36, ""type"": ""LOAD"", ""value"": ""20.00"", ""unit"": ""%""}]}"
2026-05-18T07:00:00.000Z,marseille-marseille-zone-01,marseille-marseille-zone-01-worker-07,worker,marseille,20.0,28.43,20.0,198.0,19.8,18.0,,"{""timestamp"": ""2026-05-18T07:00:00.000Z"", ""hostname"": ""marseille-marseille-zone-01-worker-07"", ""environment"": {""external_city"": ""Marseille"", ""external_temp"": ""18.0"", ""ambient_dc_temp"": ""19.8""}, ""current_fan_speed"": 20, ""load_percent"": ""20.00"", ""sensors"": [{""id"": 45, ""type"": ""FAN_SPEED_2"", ""value"": ""20.00"", ""unit"": ""%""}, {""id"": 41, ""type"": ""LOAD"", ""value"": ""20.00"", ""unit"": ""%""}, {""id"": 42, ""type"": ""CPU_TEMP"", ""value"": ""28.43"", ""unit"": ""\u00b0C""}, {""id"": 43, ""type"": ""TOTAL_POWER"", ""value"": ""198.00"", ""unit"": ""W""}, {""id"": 44, ""type"": ""FAN_SPEED_1"", ""value"": ""20.00"", ""unit"": ""%""}]}"
2026-05-18T07:00:00.000Z,marseille-marseille-zone-01,marseille-marseille-zone-01-worker-08,worker,marseille,20.0,28.42,20.0,198.0,19.8,18.0,,"{""timestamp"": ""2026-05-18T07:00:00.000Z"", ""hostname"": ""marseille-marseille-zone-01-worker-08"", ""environment"": {""external_city"": ""Marseille"", ""external_temp"": ""18.0"", ""ambient_dc_temp"": ""19.8""}, ""current_fan_speed"": 20, ""load_percent"": ""20.00"", ""sensors"": [{""id"": 47, ""type"": ""CPU_TEMP"", ""value"": ""28.42"", ""unit"": ""\u00b0C""}, {""id"": 48, ""type"": ""TOTAL_POWER"", ""value"": ""198.00"", ""unit"": ""W""}, {""id"": 49, ""type"": ""FAN_SPEED_1"", ""value"": ""20.00"", ""unit"": ""%""}, {""id"": 50, ""type"": ""FAN_SPEED_2"", ""value"": ""20.00"", ""unit"": ""%""}, {""id"": 46, ""type"": ""LOAD"", ""value"": ""20.00"", ""unit"": ""%""}]}"
2026-05-18T08:00:00.000Z,marseille-marseille-zone-01,marseille-marseille-zone-01-master-01,master,marseille,12.0,24.37,20.0,171.6,19.8,18.0,,"{""timestamp"": ""2026-05-18T08:00:00.000Z"", ""hostname"": ""marseille-marseille-zone-01-master-01"", ""environment"": {""external_city"": ""Marseille"", ""external_temp"": ""18.0"", ""ambient_dc_temp"": ""19.8""}, ""current_fan_speed"": 20, ""load_percent"": ""12.00"", ""sensors"": [{""id"": 5, ""type"": ""FAN_SPEED_2"", ""value"": ""20.00"", ""unit"": ""%""}, {""id"": 1, ""type"": ""LOAD"", ""value"": ""12.00"", ""unit"": ""%""}, {""id"": 2, ""type"": ""CPU_TEMP"", ""value"": ""24.37"", ""unit"": ""\u00b0C""}, {""id"": 3, ""type"": ""TOTAL_POWER"", ""value"": ""171.60"", ""unit"": ""W""}, {""id"": 4, ""type"": ""FAN_SPEED_1"", ""value"": ""20.00"", ""unit"": ""%""}]}"
2026-05-18T08:00:00.000Z,marseille-marseille-zone-01,marseille-marseille-zone-01-master-02,master,marseille,12.0,24.42,20.0,171.6,19.8,18.0,,"{""timestamp"": ""2026-05-18T08:00:00.000Z"", ""hostname"": ""marseille-marseille-zone-01-master-02"", ""environment"": {""external_city"": ""Marseille"", ""external_temp"": ""18.0"", ""ambient_dc_temp"": ""19.8""}, ""current_fan_speed"": 20, ""load_percent"": ""12.00"", ""sensors"": [{""id"": 6, ""type"": ""LOAD"", ""value"": ""12.00"", ""unit"": ""%""}, {""id"": 8, ""type"": ""TOTAL_POWER"", ""value"": ""171.60"", ""unit"": ""W""}, {""id"": 9, ""type"": ""FAN_SPEED_1"", ""value"": ""20.00"", ""unit"": ""%""}, {""id"": 10, ""type"": ""FAN_SPEED_2"", ""value"": ""20.00"", ""unit"": ""%""}, {""id"": 7, ""type"": ""CPU_TEMP"", ""value"": ""24.42"", ""unit"": ""\u00b0C""}]}"
2026-05-18T08:00:00.000Z,marseille-marseille-zone-01,marseille-marseille-zone-01-worker-01,worker,marseille,20.0,28.19,20.0,198.0,19.8,18.0,,"{""timestamp"": ""2026-05-18T08:00:00.000Z"", ""hostname"": ""marseille-marseille-zone-01-worker-01"", ""environment"": {""external_city"": ""Marseille"", ""external_temp"": ""18.0"", ""ambient_dc_temp"": ""19.8""}, ""current_fan_speed"": 20, ""load_percent"": ""20.00"", ""sensors"": [{""id"": 11, ""type"": ""LOAD"", ""value"": ""20.00"", ""unit"": ""%""}, {""id"": 12, ""type"": ""CPU_TEMP"", ""value"": ""28.19"", ""unit"": ""\u00b0C""}, {""id"": 13, ""type"": ""TOTAL_POWER"", ""value"": ""198.00"", ""unit"": ""W""}, {""id"": 14, ""type"": ""FAN_SPEED_1"", ""value"": ""20.00"", ""unit"": ""%""}, {""id"": 15, ""type"": ""FAN_SPEED_2"", ""value"": ""20.00"", ""unit"": ""%""}]}"
2026-05-18T08:00:00.000Z,marseille-marseille-zone-01,marseille-marseille-zone-01-worker-02,worker,marseille,20.0,28.45,20.0,198.0,19.8,18.0,,"{""timestamp"": ""2026-05-18T08:00:00.000Z"", ""hostname"": ""marseille-marseille-zone-01-worker-02"", ""environment"": {""external_city"": ""Marseille"", ""external_temp"": ""18.0"", ""ambient_dc_temp"": ""19.8""}, ""current_fan_speed"": 20, ""load_percent"": ""20.00"", ""sensors"": [{""id"": 16, ""type"": ""LOAD"", ""value"": ""20.00"", ""unit"": ""%""}, {""id"": 17, ""type"": ""CPU_TEMP"", ""value"": ""28.45"", ""unit"": ""\u00b0C""}, {""id"": 18, ""type"": ""TOTAL_POWER"", ""value"": ""198.00"", ""unit"": ""W""}, {""id"": 19, ""type"": ""FAN_SPEED_1"", ""value"": ""20.00"", ""unit"": ""%""}, {""id"": 20, ""type"": ""FAN_SPEED_2"", ""value"": ""20.00"", ""unit"": ""%""}]}"
2026-05-18T08:00:00.000Z,marseille-marseille-zone-01,marseille-marseille-zone-01-worker-03,worker,marseille,20.0,28.24,20.0,198.0,19.8,18.0,,"{""timestamp"": ""2026-05-18T08:00:00.000Z"", ""hostname"": ""marseille-marseille-zone-01-worker-03"", ""environment"": {""external_city"": ""Marseille"", ""external_temp"": ""18.0"", ""ambient_dc_temp"": ""19.8""}, ""current_fan_speed"": 20, ""load_percent"": ""20.00"", ""sensors"": [{""id"": 21, ""type"": ""LOAD"", ""value"": ""20.00"", ""unit"": ""%""}, {""id"": 22, ""type"": ""CPU_TEMP"", ""value"": ""28.24"", ""unit"": ""\u00b0C""}, {""id"": 23, ""type"": ""TOTAL_POWER"", ""value"": ""198.00"", ""unit"": ""W""}, {""id"": 24, ""type"": ""FAN_SPEED_1"", ""value"": ""20.00"", ""unit"": ""%""}, {""id"": 25, ""type"": ""FAN_SPEED_2"", ""value"": ""20.00"", ""unit"": ""%""}]}"
2026-05-18T08:00:00.000Z,marseille-marseille-zone-01,marseille-marseille-zone-01-worker-04,worker,marseille,20.0,28.33,20.0,198.0,19.8,18.0,,"{""timestamp"": ""2026-05-18T08:00:00.000Z"", ""hostname"": ""marseille-marseille-zone-01-worker-04"", ""environment"": {""external_city"": ""Marseille"", ""external_temp"": ""18.0"", ""ambient_dc_temp"": ""19.8""}, ""current_fan_speed"": 20, ""load_percent"": ""20.00"", ""sensors"": [{""id"": 30, ""type"": ""FAN_SPEED_2"", ""value"": ""20.00"", ""unit"": ""%""}, {""id"": 26, ""type"": ""LOAD"", ""value"": ""20.00"", ""unit"": ""%""}, {""id"": 27, ""type"": ""CPU_TEMP"", ""value"": ""28.33"", ""unit"": ""\u00b0C""}, {""id"": 28, ""type"": ""TOTAL_POWER"", ""value"": ""198.00"", ""unit"": ""W""}, {""id"": 29, ""type"": ""FAN_SPEED_1"", ""value"": ""20.00"", ""unit"": ""%""}]}"
2026-05-18T08:00:00.000Z,marseille-marseille-zone-01,marseille-marseille-zone-01-worker-05,worker,marseille,20.0,28.28,20.0,198.0,19.8,18.0,,"{""timestamp"": ""2026-05-18T08:00:00.000Z"", ""hostname"": ""marseille-marseille-zone-01-worker-05"", ""environment"": {""external_city"": ""Marseille"", ""external_temp"": ""18.0"", ""ambient_dc_temp"": ""19.8""}, ""current_fan_speed"": 20, ""load_percent"": ""20.00"", ""sensors"": [{""id"": 33, ""type"": ""TOTAL_POWER"", ""value"": ""198.00"", ""unit"": ""W""}, {""id"": 34, ""type"": ""FAN_SPEED_1"", ""value"": ""20.00"", ""unit"": ""%""}, {""id"": 35, ""type"": ""FAN_SPEED_2"", ""value"": ""20.00"", ""unit"": ""%""}, {""id"": 31, ""type"": ""LOAD"", ""value"": ""20.00"", ""unit"": ""%""}, {""id"": 32, ""type"": ""CPU_TEMP"", ""value"": ""28.28"", ""unit"": ""\u00b0C""}]}"
2026-05-18T08:00:00.000Z,marseille-marseille-zone-01,marseille-marseille-zone-01-worker-06,worker,marseille,20.0,28.27,20.0,198.0,19.8,18.0,,"{""timestamp"": ""2026-05-18T08:00:00.000Z"", ""hostname"": ""marseille-marseille-zone-01-worker-06"", ""environment"": {""external_city"": ""Marseille"", ""external_temp"": ""18.0"", ""ambient_dc_temp"": ""19.8""}, ""current_fan_speed"": 20, ""load_percent"": ""20.00"", ""sensors"": [{""id"": 37, ""type"": ""CPU_TEMP"", ""value"": ""28.27"", ""unit"": ""\u00b0C""}, {""id"": 38, ""type"": ""TOTAL_POWER"", ""value"": ""198.00"", ""unit"": ""W""}, {""id"": 39, ""type"": ""FAN_SPEED_1"", ""value"": ""20.00"", ""unit"": ""%""}, {""id"": 40, ""type"": ""FAN_SPEED_2"", ""value"": ""20.00"", ""unit"": ""%""}, {""id"": 36, ""type"": ""LOAD"", ""value"": ""20.00"", ""unit"": ""%""}]}"
2026-05-18T08:00:00.000Z,marseille-marseille-zone-01,marseille-marseille-zone-01-worker-07,worker,marseille,20.0,28.4,20.0,198.0,19.8,18.0,,"{""timestamp"": ""2026-05-18T08:00:00.000Z"", ""hostname"": ""marseille-marseille-zone-01-worker-07"", ""environment"": {""external_city"": ""Marseille"", ""external_temp"": ""18.0"", ""ambient_dc_temp"": ""19.8""}, ""current_fan_speed"": 20, ""load_percent"": ""20.00"", ""sensors"": [{""id"": 45, ""type"": ""FAN_SPEED_2"", ""value"": ""20.00"", ""unit"": ""%""}, {""id"": 41, ""type"": ""LOAD"", ""value"": ""20.00"", ""unit"": ""%""}, {""id"": 42, ""type"": ""CPU_TEMP"", ""value"": ""28.40"", ""unit"": ""\u00b0C""}, {""id"": 43, ""type"": ""TOTAL_POWER"", ""value"": ""198.00"", ""unit"": ""W""}, {""id"": 44, ""type"": ""FAN_SPEED_1"", ""value"": ""20.00"", ""unit"": ""%""}]}"
2026-05-18T08:00:00.000Z,marseille-marseille-zone-01,marseille-marseille-zone-01-worker-08,worker,marseille,20.0,28.23,20.0,198.0,19.8,18.0,,"{""timestamp"": ""2026-05-18T08:00:00.000Z"", ""hostname"": ""marseille-marseille-zone-01-worker-08"", ""environment"": {""external_city"": ""Marseille"", ""external_temp"": ""18.0"", ""ambient_dc_temp"": ""19.8""}, ""current_fan_speed"": 20, ""load_percent"": ""20.00"", ""sensors"": [{""id"": 47, ""type"": ""CPU_TEMP"", ""value"": ""28.23"", ""unit"": ""\u00b0C""}, {""id"": 48, ""type"": ""TOTAL_POWER"", ""value"": ""198.00"", ""unit"": ""W""}, {""id"": 49, ""type"": ""FAN_SPEED_1"", ""value"": ""20.00"", ""unit"": ""%""}, {""id"": 50, ""type"": ""FAN_SPEED_2"", ""value"": ""20.00"", ""unit"": ""%""}, {""id"": 46, ""type"": ""LOAD"", ""value"": ""20.00"", ""unit"": ""%""}]}"
2026-05-18T09:00:00.000Z,marseille-marseille-zone-01,marseille-marseille-zone-01-master-01,master,marseille,12.0,24.47,20.0,171.6,19.8,18.0,,"{""timestamp"": ""2026-05-18T09:00:00.000Z"", ""hostname"": ""marseille-marseille-zone-01-master-01"", ""environment"": {""external_city"": ""Marseille"", ""external_temp"": ""18.0"", ""ambient_dc_temp"": ""19.8""}, ""current_fan_speed"": 20, ""load_percent"": ""12.00"", ""sensors"": [{""id"": 1, ""type"": ""LOAD"", ""value"": ""12.00"", ""unit"": ""%""}, {""id"": 2, ""type"": ""CPU_TEMP"", ""value"": ""24.47"", ""unit"": ""\u00b0C""}, {""id"": 3, ""type"": ""TOTAL_POWER"", ""value"": ""171.60"", ""unit"": ""W""}, {""id"": 4, ""type"": ""FAN_SPEED_1"", ""value"": ""20.00"", ""unit"": ""%""}, {""id"": 5, ""type"": ""FAN_SPEED_2"", ""value"": ""20.00"", ""unit"": ""%""}]}"
2026-05-18T09:00:00.000Z,marseille-marseille-zone-01,marseille-marseille-zone-01-master-02,master,marseille,12.0,24.29,20.0,171.6,19.8,18.0,,"{""timestamp"": ""2026-05-18T09:00:00.000Z"", ""hostname"": ""marseille-marseille-zone-01-master-02"", ""environment"": {""external_city"": ""Marseille"", ""external_temp"": ""18.0"", ""ambient_dc_temp"": ""19.8""}, ""current_fan_speed"": 20, ""load_percent"": ""12.00"", ""sensors"": [{""id"": 8, ""type"": ""TOTAL_POWER"", ""value"": ""171.60"", ""unit"": ""W""}, {""id"": 9, ""type"": ""FAN_SPEED_1"", ""value"": ""20.00"", ""unit"": ""%""}, {""id"": 10, ""type"": ""FAN_SPEED_2"", ""value"": ""20.00"", ""unit"": ""%""}, {""id"": 7, ""type"": ""CPU_TEMP"", ""value"": ""24.29"", ""unit"": ""\u00b0C""}, {""id"": 6, ""type"": ""LOAD"", ""value"": ""12.00"", ""unit"": ""%""}]}"
2026-05-18T09:00:00.000Z,marseille-marseille-zone-01,marseille-marseille-zone-01-worker-01,worker,marseille,20.0,28.37,20.0,198.0,19.8,18.0,,"{""timestamp"": ""2026-05-18T09:00:00.000Z"", ""hostname"": ""marseille-marseille-zone-01-worker-01"", ""environment"": {""external_city"": ""Marseille"", ""external_temp"": ""18.0"", ""ambient_dc_temp"": ""19.8""}, ""current_fan_speed"": 20, ""load_percent"": ""20.00"", ""sensors"": [{""id"": 13, ""type"": ""TOTAL_POWER"", ""value"": ""198.00"", ""unit"": ""W""}, {""id"": 14, ""type"": ""FAN_SPEED_1"", ""value"": ""20.00"", ""unit"": ""%""}, {""id"": 15, ""type"": ""FAN_SPEED_2"", ""value"": ""20.00"", ""unit"": ""%""}, {""id"": 11, ""type"": ""LOAD"", ""value"": ""20.00"", ""unit"": ""%""}, {""id"": 12, ""type"": ""CPU_TEMP"", ""value"": ""28.37"", ""unit"": ""\u00b0C""}]}"
2026-05-18T09:00:00.000Z,marseille-marseille-zone-01,marseille-marseille-zone-01-worker-02,worker,marseille,20.0,28.48,20.0,198.0,19.8,18.0,,"{""timestamp"": ""2026-05-18T09:00:00.000Z"", ""hostname"": ""marseille-marseille-zone-01-worker-02"", ""environment"": {""external_city"": ""Marseille"", ""external_temp"": ""18.0"", ""ambient_dc_temp"": ""19.8""}, ""current_fan_speed"": 20, ""load_percent"": ""20.00"", ""sensors"": [{""id"": 19, ""type"": ""FAN_SPEED_1"", ""value"": ""20.00"", ""unit"": ""%""}, {""id"": 20, ""type"": ""FAN_SPEED_2"", ""value"": ""20.00"", ""unit"": ""%""}, {""id"": 16, ""type"": ""LOAD"", ""value"": ""20.00"", ""unit"": ""%""}, {""id"": 17, ""type"": ""CPU_TEMP"", ""value"": ""28.48"", ""unit"": ""\u00b0C""}, {""id"": 18, ""type"": ""TOTAL_POWER"", ""value"": ""198.00"", ""unit"": ""W""}]}"
2026-05-18T09:00:00.000Z,marseille-marseille-zone-01,marseille-marseille-zone-01-worker-03,worker,marseille,20.0,28.29,20.0,198.0,19.8,18.0,,"{""timestamp"": ""2026-05-18T09:00:00.000Z"", ""hostname"": ""marseille-marseille-zone-01-worker-03"", ""environment"": {""external_city"": ""Marseille"", ""external_temp"": ""18.0"", ""ambient_dc_temp"": ""19.8""}, ""current_fan_speed"": 20, ""load_percent"": ""20.00"", ""sensors"": [{""id"": 22, ""type"": ""CPU_TEMP"", ""value"": ""28.29"", ""unit"": ""\u00b0C""}, {""id"": 23, ""type"": ""TOTAL_POWER"", ""value"": ""198.00"", ""unit"": ""W""}, {""id"": 24, ""type"": ""FAN_SPEED_1"", ""value"": ""20.00"", ""unit"": ""%""}, {""id"": 25, ""type"": ""FAN_SPEED_2"", ""value"": ""20.00"", ""unit"": ""%""}, {""id"": 21, ""type"": ""LOAD"", ""value"": ""20.00"", ""unit"": ""%""}]}"
2026-05-18T09:00:00.000Z,marseille-marseille-zone-01,marseille-marseille-zone-01-worker-04,worker,marseille,20.0,28.22,20.0,198.0,19.8,18.0,,"{""timestamp"": ""2026-05-18T09:00:00.000Z"", ""hostname"": ""marseille-marseille-zone-01-worker-04"", ""environment"": {""external_city"": ""Marseille"", ""external_temp"": ""18.0"", ""ambient_dc_temp"": ""19.8""}, ""current_fan_speed"": 20, ""load_percent"": ""20.00"", ""sensors"": [{""id"": 26, ""type"": ""LOAD"", ""value"": ""20.00"", ""unit"": ""%""}, {""id"": 27, ""type"": ""CPU_TEMP"", ""value"": ""28.22"", ""unit"": ""\u00b0C""}, {""id"": 28, ""type"": ""TOTAL_POWER"", ""value"": ""198.00"", ""unit"": ""W""}, {""id"": 29, ""type"": ""FAN_SPEED_1"", ""value"": ""20.00"", ""unit"": ""%""}, {""id"": 30, ""type"": ""FAN_SPEED_2"", ""value"": ""20.00"", ""unit"": ""%""}]}"
2026-05-18T09:00:00.000Z,marseille-marseille-zone-01,marseille-marseille-zone-01-worker-05,worker,marseille,20.0,28.25,20.0,198.0,19.8,18.0,,"{""timestamp"": ""2026-05-18T09:00:00.000Z"", ""hostname"": ""marseille-marseille-zone-01-worker-05"", ""environment"": {""external_city"": ""Marseille"", ""external_temp"": ""18.0"", ""ambient_dc_temp"": ""19.8""}, ""current_fan_speed"": 20, ""load_percent"": ""20.00"", ""sensors"": [{""id"": 34, ""type"": ""FAN_SPEED_1"", ""value"": ""20.00"", ""unit"": ""%""}, {""id"": 35, ""type"": ""FAN_SPEED_2"", ""value"": ""20.00"", ""unit"": ""%""}, {""id"": 31, ""type"": ""LOAD"", ""value"": ""20.00"", ""unit"": ""%""}, {""id"": 32, ""type"": ""CPU_TEMP"", ""value"": ""28.25"", ""unit"": ""\u00b0C""}, {""id"": 33, ""type"": ""TOTAL_POWER"", ""value"": ""198.00"", ""unit"": ""W""}]}"
2026-05-18T09:00:00.000Z,marseille-marseille-zone-01,marseille-marseille-zone-01-worker-06,worker,marseille,20.0,28.45,20.0,198.0,19.8,18.0,,"{""timestamp"": ""2026-05-18T09:00:00.000Z"", ""hostname"": ""marseille-marseille-zone-01-worker-06"", ""environment"": {""external_city"": ""Marseille"", ""external_temp"": ""18.0"", ""ambient_dc_temp"": ""19.8""}, ""current_fan_speed"": 20, ""load_percent"": ""20.00"", ""sensors"": [{""id"": 38, ""type"": ""TOTAL_POWER"", ""value"": ""198.00"", ""unit"": ""W""}, {""id"": 39, ""type"": ""FAN_SPEED_1"", ""value"": ""20.00"", ""unit"": ""%""}, {""id"": 40, ""type"": ""FAN_SPEED_2"", ""value"": ""20.00"", ""unit"": ""%""}, {""id"": 36, ""type"": ""LOAD"", ""value"": ""20.00"", ""unit"": ""%""}, {""id"": 37, ""type"": ""CPU_TEMP"", ""value"": ""28.45"", ""unit"": ""\u00b0C""}]}"
2026-05-18T09:00:00.000Z,marseille-marseille-zone-01,marseille-marseille-zone-01-worker-07,worker,marseille,20.0,28.2,20.0,198.0,19.8,18.0,,"{""timestamp"": ""2026-05-18T09:00:00.000Z"", ""hostname"": ""marseille-marseille-zone-01-worker-07"", ""environment"": {""external_city"": ""Marseille"", ""external_temp"": ""18.0"", ""ambient_dc_temp"": ""19.8""}, ""current_fan_speed"": 20, ""load_percent"": ""20.00"", ""sensors"": [{""id"": 41, ""type"": ""LOAD"", ""value"": ""20.00"", ""unit"": ""%""}, {""id"": 42, ""type"": ""CPU_TEMP"", ""value"": ""28.20"", ""unit"": ""\u00b0C""}, {""id"": 43, ""type"": ""TOTAL_POWER"", ""value"": ""198.00"", ""unit"": ""W""}, {""id"": 44, ""type"": ""FAN_SPEED_1"", ""value"": ""20.00"", ""unit"": ""%""}, {""id"": 45, ""type"": ""FAN_SPEED_2"", ""value"": ""20.00"", ""unit"": ""%""}]}"
2026-05-18T09:00:00.000Z,marseille-marseille-zone-01,marseille-marseille-zone-01-worker-08,worker,marseille,20.0,28.28,20.0,198.0,19.8,18.0,,"{""timestamp"": ""2026-05-18T09:00:00.000Z"", ""hostname"": ""marseille-marseille-zone-01-worker-08"", ""environment"": {""external_city"": ""Marseille"", ""external_temp"": ""18.0"", ""ambient_dc_temp"": ""19.8""}, ""current_fan_speed"": 20, ""load_percent"": ""20.00"", ""sensors"": [{""id"": 48, ""type"": ""TOTAL_POWER"", ""value"": ""198.00"", ""unit"": ""W""}, {""id"": 49, ""type"": ""FAN_SPEED_1"", ""value"": ""20.00"", ""unit"": ""%""}, {""id"": 50, ""type"": ""FAN_SPEED_2"", ""value"": ""20.00"", ""unit"": ""%""}, {""id"": 46, ""type"": ""LOAD"", ""value"": ""20.00"", ""unit"": ""%""}, {""id"": 47, ""type"": ""CPU_TEMP"", ""value"": ""28.28"", ""unit"": ""\u00b0C""}]}"
2026-05-18T10:00:00.000Z,marseille-marseille-zone-01,marseille-marseille-zone-01-master-01,master,marseille,12.0,24.35,20.0,171.6,19.8,18.0,,"{""timestamp"": ""2026-05-18T10:00:00.000Z"", ""hostname"": ""marseille-marseille-zone-01-master-01"", ""environment"": {""external_city"": ""Marseille"", ""external_temp"": ""18.0"", ""ambient_dc_temp"": ""19.8""}, ""current_fan_speed"": 20, ""load_percent"": ""12.00"", ""sensors"": [{""id"": 3, ""type"": ""TOTAL_POWER"", ""value"": ""171.60"", ""unit"": ""W""}, {""id"": 4, ""type"": ""FAN_SPEED_1"", ""value"": ""20.00"", ""unit"": ""%""}, {""id"": 5, ""type"": ""FAN_SPEED_2"", ""value"": ""20.00"", ""unit"": ""%""}, {""id"": 1, ""type"": ""LOAD"", ""value"": ""12.00"", ""unit"": ""%""}, {""id"": 2, ""type"": ""CPU_TEMP"", ""value"": ""24.35"", ""unit"": ""\u00b0C""}]}"
2026-05-18T10:00:00.000Z,marseille-marseille-zone-01,marseille-marseille-zone-01-master-02,master,marseille,12.0,24.28,20.0,171.6,19.8,18.0,,"{""timestamp"": ""2026-05-18T10:00:00.000Z"", ""hostname"": ""marseille-marseille-zone-01-master-02"", ""environment"": {""external_city"": ""Marseille"", ""external_temp"": ""18.0"", ""ambient_dc_temp"": ""19.8""}, ""current_fan_speed"": 20, ""load_percent"": ""12.00"", ""sensors"": [{""id"": 6, ""type"": ""LOAD"", ""value"": ""12.00"", ""unit"": ""%""}, {""id"": 8, ""type"": ""TOTAL_POWER"", ""value"": ""171.60"", ""unit"": ""W""}, {""id"": 9, ""type"": ""FAN_SPEED_1"", ""value"": ""20.00"", ""unit"": ""%""}, {""id"": 10, ""type"": ""FAN_SPEED_2"", ""value"": ""20.00"", ""unit"": ""%""}, {""id"": 7, ""type"": ""CPU_TEMP"", ""value"": ""24.28"", ""unit"": ""\u00b0C""}]}"
2026-05-18T10:00:00.000Z,marseille-marseille-zone-01,marseille-marseille-zone-01-worker-01,worker,marseille,20.0,28.46,20.0,198.0,19.8,18.0,,"{""timestamp"": ""2026-05-18T10:00:00.000Z"", ""hostname"": ""marseille-marseille-zone-01-worker-01"", ""environment"": {""external_city"": ""Marseille"", ""external_temp"": ""18.0"", ""ambient_dc_temp"": ""19.8""}, ""current_fan_speed"": 20, ""load_percent"": ""20.00"", ""sensors"": [{""id"": 15, ""type"": ""FAN_SPEED_2"", ""value"": ""20.00"", ""unit"": ""%""}, {""id"": 11, ""type"": ""LOAD"", ""value"": ""20.00"", ""unit"": ""%""}, {""id"": 12, ""type"": ""CPU_TEMP"", ""value"": ""28.46"", ""unit"": ""\u00b0C""}, {""id"": 13, ""type"": ""TOTAL_POWER"", ""value"": ""198.00"", ""unit"": ""W""}, {""id"": 14, ""type"": ""FAN_SPEED_1"", ""value"": ""20.00"", ""unit"": ""%""}]}"
2026-05-18T10:00:00.000Z,marseille-marseille-zone-01,marseille-marseille-zone-01-worker-02,worker,marseille,20.0,28.39,20.0,198.0,19.8,18.0,,"{""timestamp"": ""2026-05-18T10:00:00.000Z"", ""hostname"": ""marseille-marseille-zone-01-worker-02"", ""environment"": {""external_city"": ""Marseille"", ""external_temp"": ""18.0"", ""ambient_dc_temp"": ""19.8""}, ""current_fan_speed"": 20, ""load_percent"": ""20.00"", ""sensors"": [{""id"": 16, ""type"": ""LOAD"", ""value"": ""20.00"", ""unit"": ""%""}, {""id"": 17, ""type"": ""CPU_TEMP"", ""value"": ""28.39"", ""unit"": ""\u00b0C""}, {""id"": 18, ""type"": ""TOTAL_POWER"", ""value"": ""198.00"", ""unit"": ""W""}, {""id"": 19, ""type"": ""FAN_SPEED_1"", ""value"": ""20.00"", ""unit"": ""%""}, {""id"": 20, ""type"": ""FAN_SPEED_2"", ""value"": ""20.00"", ""unit"": ""%""}]}"
2026-05-18T10:00:00.000Z,marseille-marseille-zone-01,marseille-marseille-zone-01-worker-03,worker,marseille,20.0,28.28,20.0,198.0,19.8,18.0,,"{""timestamp"": ""2026-05-18T10:00:00.000Z"", ""hostname"": ""marseille-marseille-zone-01-worker-03"", ""environment"": {""external_city"": ""Marseille"", ""external_temp"": ""18.0"", ""ambient_dc_temp"": ""19.8""}, ""current_fan_speed"": 20, ""load_percent"": ""20.00"", ""sensors"": [{""id"": 21, ""type"": ""LOAD"", ""value"": ""20.00"", ""unit"": ""%""}, {""id"": 22, ""type"": ""CPU_TEMP"", ""value"": ""28.28"", ""unit"": ""\u00b0C""}, {""id"": 23, ""type"": ""TOTAL_POWER"", ""value"": ""198.00"", ""unit"": ""W""}, {""id"": 24, ""type"": ""FAN_SPEED_1"", ""value"": ""20.00"", ""unit"": ""%""}, {""id"": 25, ""type"": ""FAN_SPEED_2"", ""value"": ""20.00"", ""unit"": ""%""}]}"
2026-05-18T10:00:00.000Z,marseille-marseille-zone-01,marseille-marseille-zone-01-worker-04,worker,marseille,20.0,28.21,20.0,198.0,19.8,18.0,,"{""timestamp"": ""2026-05-18T10:00:00.000Z"", ""hostname"": ""marseille-marseille-zone-01-worker-04"", ""environment"": {""external_city"": ""Marseille"", ""external_temp"": ""18.0"", ""ambient_dc_temp"": ""19.8""}, ""current_fan_speed"": 20, ""load_percent"": ""20.00"", ""sensors"": [{""id"": 28, ""type"": ""TOTAL_POWER"", ""value"": ""198.00"", ""unit"": ""W""}, {""id"": 29, ""type"": ""FAN_SPEED_1"", ""value"": ""20.00"", ""unit"": ""%""}, {""id"": 30, ""type"": ""FAN_SPEED_2"", ""value"": ""20.00"", ""unit"": ""%""}, {""id"": 26, ""type"": ""LOAD"", ""value"": ""20.00"", ""unit"": ""%""}, {""id"": 27, ""type"": ""CPU_TEMP"", ""value"": ""28.21"", ""unit"": ""\u00b0C""}]}"
2026-05-18T10:00:00.000Z,marseille-marseille-zone-01,marseille-marseille-zone-01-worker-05,worker,marseille,20.0,28.2,20.0,198.0,19.8,18.0,,"{""timestamp"": ""2026-05-18T10:00:00.000Z"", ""hostname"": ""marseille-marseille-zone-01-worker-05"", ""environment"": {""external_city"": ""Marseille"", ""external_temp"": ""18.0"", ""ambient_dc_temp"": ""19.8""}, ""current_fan_speed"": 20, ""load_percent"": ""20.00"", ""sensors"": [{""id"": 33, ""type"": ""TOTAL_POWER"", ""value"": ""198.00"", ""unit"": ""W""}, {""id"": 34, ""type"": ""FAN_SPEED_1"", ""value"": ""20.00"", ""unit"": ""%""}, {""id"": 35, ""type"": ""FAN_SPEED_2"", ""value"": ""20.00"", ""unit"": ""%""}, {""id"": 31, ""type"": ""LOAD"", ""value"": ""20.00"", ""unit"": ""%""}, {""id"": 32, ""type"": ""CPU_TEMP"", ""value"": ""28.20"", ""unit"": ""\u00b0C""}]}"
2026-05-18T10:00:00.000Z,marseille-marseille-zone-01,marseille-marseille-zone-01-worker-06,worker,marseille,20.0,28.3,20.0,198.0,19.8,18.0,,"{""timestamp"": ""2026-05-18T10:00:00.000Z"", ""hostname"": ""marseille-marseille-zone-01-worker-06"", ""environment"": {""external_city"": ""Marseille"", ""external_temp"": ""18.0"", ""ambient_dc_temp"": ""19.8""}, ""current_fan_speed"": 20, ""load_percent"": ""20.00"", ""sensors"": [{""id"": 40, ""type"": ""FAN_SPEED_2"", ""value"": ""20.00"", ""unit"": ""%""}, {""id"": 36, ""type"": ""LOAD"", ""value"": ""20.00"", ""unit"": ""%""}, {""id"": 37, ""type"": ""CPU_TEMP"", ""value"": ""28.30"", ""unit"": ""\u00b0C""}, {""id"": 38, ""type"": ""TOTAL_POWER"", ""value"": ""198.00"", ""unit"": ""W""}, {""id"": 39, ""type"": ""FAN_SPEED_1"", ""value"": ""20.00"", ""unit"": ""%""}]}"
2026-05-18T10:00:00.000Z,marseille-marseille-zone-01,marseille-marseille-zone-01-worker-07,worker,marseille,20.0,28.44,20.0,198.0,19.8,18.0,,"{""timestamp"": ""2026-05-18T10:00:00.000Z"", ""hostname"": ""marseille-marseille-zone-01-worker-07"", ""environment"": {""external_city"": ""Marseille"", ""external_temp"": ""18.0"", ""ambient_dc_temp"": ""19.8""}, ""current_fan_speed"": 20, ""load_percent"": ""20.00"", ""sensors"": [{""id"": 43, ""type"": ""TOTAL_POWER"", ""value"": ""198.00"", ""unit"": ""W""}, {""id"": 44, ""type"": ""FAN_SPEED_1"", ""value"": ""20.00"", ""unit"": ""%""}, {""id"": 45, ""type"": ""FAN_SPEED_2"", ""value"": ""20.00"", ""unit"": ""%""}, {""id"": 41, ""type"": ""LOAD"", ""value"": ""20.00"", ""unit"": ""%""}, {""id"": 42, ""type"": ""CPU_TEMP"", ""value"": ""28.44"", ""unit"": ""\u00b0C""}]}"
2026-05-18T10:00:00.000Z,marseille-marseille-zone-01,marseille-marseille-zone-01-worker-08,worker,marseille,20.0,28.31,20.0,198.0,19.8,18.0,,"{""timestamp"": ""2026-05-18T10:00:00.000Z"", ""hostname"": ""marseille-marseille-zone-01-worker-08"", ""environment"": {""external_city"": ""Marseille"", ""external_temp"": ""18.0"", ""ambient_dc_temp"": ""19.8""}, ""current_fan_speed"": 20, ""load_percent"": ""20.00"", ""sensors"": [{""id"": 50, ""type"": ""FAN_SPEED_2"", ""value"": ""20.00"", ""unit"": ""%""}, {""id"": 46, ""type"": ""LOAD"", ""value"": ""20.00"", ""unit"": ""%""}, {""id"": 47, ""type"": ""CPU_TEMP"", ""value"": ""28.31"", ""unit"": ""\u00b0C""}, {""id"": 48, ""type"": ""TOTAL_POWER"", ""value"": ""198.00"", ""unit"": ""W""}, {""id"": 49, ""type"": ""FAN_SPEED_1"", ""value"": ""20.00"", ""unit"": ""%""}]}"
2026-05-18T11:00:00.000Z,marseille-marseille-zone-01,marseille-marseille-zone-01-master-01,master,marseille,12.0,24.45,20.0,171.6,19.8,18.0,,"{""timestamp"": ""2026-05-18T11:00:00.000Z"", ""hostname"": ""marseille-marseille-zone-01-master-01"", ""environment"": {""external_city"": ""Marseille"", ""external_temp"": ""18.0"", ""ambient_dc_temp"": ""19.8""}, ""current_fan_speed"": 20, ""load_percent"": ""12.00"", ""sensors"": [{""id"": 1, ""type"": ""LOAD"", ""value"": ""12.00"", ""unit"": ""%""}, {""id"": 2, ""type"": ""CPU_TEMP"", ""value"": ""24.45"", ""unit"": ""\u00b0C""}, {""id"": 3, ""type"": ""TOTAL_POWER"", ""value"": ""171.60"", ""unit"": ""W""}, {""id"": 4, ""type"": ""FAN_SPEED_1"", ""value"": ""20.00"", ""unit"": ""%""}, {""id"": 5, ""type"": ""FAN_SPEED_2"", ""value"": ""20.00"", ""unit"": ""%""}]}"
2026-05-18T11:00:00.000Z,marseille-marseille-zone-01,marseille-marseille-zone-01-master-02,master,marseille,12.0,24.48,20.0,171.6,19.8,18.0,,"{""timestamp"": ""2026-05-18T11:00:00.000Z"", ""hostname"": ""marseille-marseille-zone-01-master-02"", ""environment"": {""external_city"": ""Marseille"", ""external_temp"": ""18.0"", ""ambient_dc_temp"": ""19.8""}, ""current_fan_speed"": 20, ""load_percent"": ""12.00"", ""sensors"": [{""id"": 7, ""type"": ""CPU_TEMP"", ""value"": ""24.48"", ""unit"": ""\u00b0C""}, {""id"": 6, ""type"": ""LOAD"", ""value"": ""12.00"", ""unit"": ""%""}, {""id"": 8, ""type"": ""TOTAL_POWER"", ""value"": ""171.60"", ""unit"": ""W""}, {""id"": 9, ""type"": ""FAN_SPEED_1"", ""value"": ""20.00"", ""unit"": ""%""}, {""id"": 10, ""type"": ""FAN_SPEED_2"", ""value"": ""20.00"", ""unit"": ""%""}]}"
2026-05-18T11:00:00.000Z,marseille-marseille-zone-01,marseille-marseille-zone-01-worker-01,worker,marseille,20.0,28.28,20.0,198.0,19.8,18.0,,"{""timestamp"": ""2026-05-18T11:00:00.000Z"", ""hostname"": ""marseille-marseille-zone-01-worker-01"", ""environment"": {""external_city"": ""Marseille"", ""external_temp"": ""18.0"", ""ambient_dc_temp"": ""19.8""}, ""current_fan_speed"": 20, ""load_percent"": ""20.00"", ""sensors"": [{""id"": 14, ""type"": ""FAN_SPEED_1"", ""value"": ""20.00"", ""unit"": ""%""}, {""id"": 15, ""type"": ""FAN_SPEED_2"", ""value"": ""20.00"", ""unit"": ""%""}, {""id"": 11, ""type"": ""LOAD"", ""value"": ""20.00"", ""unit"": ""%""}, {""id"": 12, ""type"": ""CPU_TEMP"", ""value"": ""28.28"", ""unit"": ""\u00b0C""}, {""id"": 13, ""type"": ""TOTAL_POWER"", ""value"": ""198.00"", ""unit"": ""W""}]}"
2026-05-18T11:00:00.000Z,marseille-marseille-zone-01,marseille-marseille-zone-01-worker-02,worker,marseille,20.0,28.31,20.0,198.0,19.8,18.0,,"{""timestamp"": ""2026-05-18T11:00:00.000Z"", ""hostname"": ""marseille-marseille-zone-01-worker-02"", ""environment"": {""external_city"": ""Marseille"", ""external_temp"": ""18.0"", ""ambient_dc_temp"": ""19.8""}, ""current_fan_speed"": 20, ""load_percent"": ""20.00"", ""sensors"": [{""id"": 16, ""type"": ""LOAD"", ""value"": ""20.00"", ""unit"": ""%""}, {""id"": 17, ""type"": ""CPU_TEMP"", ""value"": ""28.31"", ""unit"": ""\u00b0C""}, {""id"": 18, ""type"": ""TOTAL_POWER"", ""value"": ""198.00"", ""unit"": ""W""}, {""id"": 19, ""type"": ""FAN_SPEED_1"", ""value"": ""20.00"", ""unit"": ""%""}, {""id"": 20, ""type"": ""FAN_SPEED_2"", ""value"": ""20.00"", ""unit"": ""%""}]}"
2026-05-18T11:00:00.000Z,marseille-marseille-zone-01,marseille-marseille-zone-01-worker-03,worker,marseille,20.0,28.4,20.0,198.0,19.8,18.0,,"{""timestamp"": ""2026-05-18T11:00:00.000Z"", ""hostname"": ""marseille-marseille-zone-01-worker-03"", ""environment"": {""external_city"": ""Marseille"", ""external_temp"": ""18.0"", ""ambient_dc_temp"": ""19.8""}, ""current_fan_speed"": 20, ""load_percent"": ""20.00"", ""sensors"": [{""id"": 24, ""type"": ""FAN_SPEED_1"", ""value"": ""20.00"", ""unit"": ""%""}, {""id"": 25, ""type"": ""FAN_SPEED_2"", ""value"": ""20.00"", ""unit"": ""%""}, {""id"": 21, ""type"": ""LOAD"", ""value"": ""20.00"", ""unit"": ""%""}, {""id"": 22, ""type"": ""CPU_TEMP"", ""value"": ""28.40"", ""unit"": ""\u00b0C""}, {""id"": 23, ""type"": ""TOTAL_POWER"", ""value"": ""198.00"", ""unit"": ""W""}]}"
2026-05-18T11:00:00.000Z,marseille-marseille-zone-01,marseille-marseille-zone-01-worker-04,worker,marseille,20.0,28.46,20.0,198.0,19.8,18.0,,"{""timestamp"": ""2026-05-18T11:00:00.000Z"", ""hostname"": ""marseille-marseille-zone-01-worker-04"", ""environment"": {""external_city"": ""Marseille"", ""external_temp"": ""18.0"", ""ambient_dc_temp"": ""19.8""}, ""current_fan_speed"": 20, ""load_percent"": ""20.00"", ""sensors"": [{""id"": 28, ""type"": ""TOTAL_POWER"", ""value"": ""198.00"", ""unit"": ""W""}, {""id"": 29, ""type"": ""FAN_SPEED_1"", ""value"": ""20.00"", ""unit"": ""%""}, {""id"": 30, ""type"": ""FAN_SPEED_2"", ""value"": ""20.00"", ""unit"": ""%""}, {""id"": 26, ""type"": ""LOAD"", ""value"": ""20.00"", ""unit"": ""%""}, {""id"": 27, ""type"": ""CPU_TEMP"", ""value"": ""28.46"", ""unit"": ""\u00b0C""}]}"
2026-05-18T11:00:00.000Z,marseille-marseille-zone-01,marseille-marseille-zone-01-worker-05,worker,marseille,20.0,28.49,20.0,198.0,19.8,18.0,,"{""timestamp"": ""2026-05-18T11:00:00.000Z"", ""hostname"": ""marseille-marseille-zone-01-worker-05"", ""environment"": {""external_city"": ""Marseille"", ""external_temp"": ""18.0"", ""ambient_dc_temp"": ""19.8""}, ""current_fan_speed"": 20, ""load_percent"": ""20.00"", ""sensors"": [{""id"": 33, ""type"": ""TOTAL_POWER"", ""value"": ""198.00"", ""unit"": ""W""}, {""id"": 34, ""type"": ""FAN_SPEED_1"", ""value"": ""20.00"", ""unit"": ""%""}, {""id"": 35, ""type"": ""FAN_SPEED_2"", ""value"": ""20.00"", ""unit"": ""%""}, {""id"": 31, ""type"": ""LOAD"", ""value"": ""20.00"", ""unit"": ""%""}, {""id"": 32, ""type"": ""CPU_TEMP"", ""value"": ""28.49"", ""unit"": ""\u00b0C""}]}"
2026-05-18T11:00:00.000Z,marseille-marseille-zone-01,marseille-marseille-zone-01-worker-06,worker,marseille,20.0,28.23,20.0,198.0,19.8,18.0,,"{""timestamp"": ""2026-05-18T11:00:00.000Z"", ""hostname"": ""marseille-marseille-zone-01-worker-06"", ""environment"": {""external_city"": ""Marseille"", ""external_temp"": ""18.0"", ""ambient_dc_temp"": ""19.8""}, ""current_fan_speed"": 20, ""load_percent"": ""20.00"", ""sensors"": [{""id"": 38, ""type"": ""TOTAL_POWER"", ""value"": ""198.00"", ""unit"": ""W""}, {""id"": 39, ""type"": ""FAN_SPEED_1"", ""value"": ""20.00"", ""unit"": ""%""}, {""id"": 40, ""type"": ""FAN_SPEED_2"", ""value"": ""20.00"", ""unit"": ""%""}, {""id"": 36, ""type"": ""LOAD"", ""value"": ""20.00"", ""unit"": ""%""}, {""id"": 37, ""type"": ""CPU_TEMP"", ""value"": ""28.23"", ""unit"": ""\u00b0C""}]}"
2026-05-18T11:00:00.000Z,marseille-marseille-zone-01,marseille-marseille-zone-01-worker-07,worker,marseille,20.0,28.26,20.0,198.0,19.8,18.0,,"{""timestamp"": ""2026-05-18T11:00:00.000Z"", ""hostname"": ""marseille-marseille-zone-01-worker-07"", ""environment"": {""external_city"": ""Marseille"", ""external_temp"": ""18.0"", ""ambient_dc_temp"": ""19.8""}, ""current_fan_speed"": 20, ""load_percent"": ""20.00"", ""sensors"": [{""id"": 43, ""type"": ""TOTAL_POWER"", ""value"": ""198.00"", ""unit"": ""W""}, {""id"": 44, ""type"": ""FAN_SPEED_1"", ""value"": ""20.00"", ""unit"": ""%""}, {""id"": 45, ""type"": ""FAN_SPEED_2"", ""value"": ""20.00"", ""unit"": ""%""}, {""id"": 41, ""type"": ""LOAD"", ""value"": ""20.00"", ""unit"": ""%""}, {""id"": 42, ""type"": ""CPU_TEMP"", ""value"": ""28.26"", ""unit"": ""\u00b0C""}]}"
2026-05-18T11:00:00.000Z,marseille-marseille-zone-01,marseille-marseille-zone-01-worker-08,worker,marseille,20.0,28.19,20.0,198.0,19.8,18.0,,"{""timestamp"": ""2026-05-18T11:00:00.000Z"", ""hostname"": ""marseille-marseille-zone-01-worker-08"", ""environment"": {""external_city"": ""Marseille"", ""external_temp"": ""18.0"", ""ambient_dc_temp"": ""19.8""}, ""current_fan_speed"": 20, ""load_percent"": ""20.00"", ""sensors"": [{""id"": 48, ""type"": ""TOTAL_POWER"", ""value"": ""198.00"", ""unit"": ""W""}, {""id"": 49, ""type"": ""FAN_SPEED_1"", ""value"": ""20.00"", ""unit"": ""%""}, {""id"": 50, ""type"": ""FAN_SPEED_2"", ""value"": ""20.00"", ""unit"": ""%""}, {""id"": 46, ""type"": ""LOAD"", ""value"": ""20.00"", ""unit"": ""%""}, {""id"": 47, ""type"": ""CPU_TEMP"", ""value"": ""28.19"", ""unit"": ""\u00b0C""}]}"
2026-05-18T12:00:00.000Z,marseille-marseille-zone-01,marseille-marseille-zone-01-master-01,master,marseille,12.0,24.38,20.0,171.6,19.8,18.0,,"{""timestamp"": ""2026-05-18T12:00:00.000Z"", ""hostname"": ""marseille-marseille-zone-01-master-01"", ""environment"": {""external_city"": ""Marseille"", ""external_temp"": ""18.0"", ""ambient_dc_temp"": ""19.8""}, ""current_fan_speed"": 20, ""load_percent"": ""12.00"", ""sensors"": [{""id"": 5, ""type"": ""FAN_SPEED_2"", ""value"": ""20.00"", ""unit"": ""%""}, {""id"": 1, ""type"": ""LOAD"", ""value"": ""12.00"", ""unit"": ""%""}, {""id"": 2, ""type"": ""CPU_TEMP"", ""value"": ""24.38"", ""unit"": ""\u00b0C""}, {""id"": 3, ""type"": ""TOTAL_POWER"", ""value"": ""171.60"", ""unit"": ""W""}, {""id"": 4, ""type"": ""FAN_SPEED_1"", ""value"": ""20.00"", ""unit"": ""%""}]}"
2026-05-18T12:00:00.000Z,marseille-marseille-zone-01,marseille-marseille-zone-01-master-02,master,marseille,12.0,24.42,20.0,171.6,19.8,18.0,,"{""timestamp"": ""2026-05-18T12:00:00.000Z"", ""hostname"": ""marseille-marseille-zone-01-master-02"", ""environment"": {""external_city"": ""Marseille"", ""external_temp"": ""18.0"", ""ambient_dc_temp"": ""19.8""}, ""current_fan_speed"": 20, ""load_percent"": ""12.00"", ""sensors"": [{""id"": 7, ""type"": ""CPU_TEMP"", ""value"": ""24.42"", ""unit"": ""\u00b0C""}, {""id"": 6, ""type"": ""LOAD"", ""value"": ""12.00"", ""unit"": ""%""}, {""id"": 8, ""type"": ""TOTAL_POWER"", ""value"": ""171.60"", ""unit"": ""W""}, {""id"": 9, ""type"": ""FAN_SPEED_1"", ""value"": ""20.00"", ""unit"": ""%""}, {""id"": 10, ""type"": ""FAN_SPEED_2"", ""value"": ""20.00"", ""unit"": ""%""}]}"
2026-05-18T12:00:00.000Z,marseille-marseille-zone-01,marseille-marseille-zone-01-worker-01,worker,marseille,46.0,41.34,20.0,283.8,19.8,18.0,,"{""timestamp"": ""2026-05-18T12:00:00.000Z"", ""hostname"": ""marseille-marseille-zone-01-worker-01"", ""environment"": {""external_city"": ""Marseille"", ""external_temp"": ""18.0"", ""ambient_dc_temp"": ""19.8""}, ""current_fan_speed"": 20, ""load_percent"": ""46.00"", ""sensors"": [{""id"": 14, ""type"": ""FAN_SPEED_1"", ""value"": ""20.00"", ""unit"": ""%""}, {""id"": 15, ""type"": ""FAN_SPEED_2"", ""value"": ""20.00"", ""unit"": ""%""}, {""id"": 11, ""type"": ""LOAD"", ""value"": ""46.00"", ""unit"": ""%""}, {""id"": 12, ""type"": ""CPU_TEMP"", ""value"": ""41.34"", ""unit"": ""\u00b0C""}, {""id"": 13, ""type"": ""TOTAL_POWER"", ""value"": ""283.80"", ""unit"": ""W""}]}"
2026-05-18T12:00:00.000Z,marseille-marseille-zone-01,marseille-marseille-zone-01-worker-02,worker,marseille,46.0,41.27,20.0,283.8,19.8,18.0,,"{""timestamp"": ""2026-05-18T12:00:00.000Z"", ""hostname"": ""marseille-marseille-zone-01-worker-02"", ""environment"": {""external_city"": ""Marseille"", ""external_temp"": ""18.0"", ""ambient_dc_temp"": ""19.8""}, ""current_fan_speed"": 20, ""load_percent"": ""46.00"", ""sensors"": [{""id"": 16, ""type"": ""LOAD"", ""value"": ""46.00"", ""unit"": ""%""}, {""id"": 17, ""type"": ""CPU_TEMP"", ""value"": ""41.27"", ""unit"": ""\u00b0C""}, {""id"": 18, ""type"": ""TOTAL_POWER"", ""value"": ""283.80"", ""unit"": ""W""}, {""id"": 19, ""type"": ""FAN_SPEED_1"", ""value"": ""20.00"", ""unit"": ""%""}, {""id"": 20, ""type"": ""FAN_SPEED_2"", ""value"": ""20.00"", ""unit"": ""%""}]}"
2026-05-18T12:00:00.000Z,marseille-marseille-zone-01,marseille-marseille-zone-01-worker-03,worker,marseille,46.0,41.45,20.0,283.8,19.8,18.0,,"{""timestamp"": ""2026-05-18T12:00:00.000Z"", ""hostname"": ""marseille-marseille-zone-01-worker-03"", ""environment"": {""external_city"": ""Marseille"", ""external_temp"": ""18.0"", ""ambient_dc_temp"": ""19.8""}, ""current_fan_speed"": 20, ""load_percent"": ""46.00"", ""sensors"": [{""id"": 24, ""type"": ""FAN_SPEED_1"", ""value"": ""20.00"", ""unit"": ""%""}, {""id"": 25, ""type"": ""FAN_SPEED_2"", ""value"": ""20.00"", ""unit"": ""%""}, {""id"": 21, ""type"": ""LOAD"", ""value"": ""46.00"", ""unit"": ""%""}, {""id"": 22, ""type"": ""CPU_TEMP"", ""value"": ""41.45"", ""unit"": ""\u00b0C""}, {""id"": 23, ""type"": ""TOTAL_POWER"", ""value"": ""283.80"", ""unit"": ""W""}]}"
2026-05-18T12:00:00.000Z,marseille-marseille-zone-01,marseille-marseille-zone-01-worker-04,worker,marseille,46.0,41.24,20.0,283.8,19.8,18.0,,"{""timestamp"": ""2026-05-18T12:00:00.000Z"", ""hostname"": ""marseille-marseille-zone-01-worker-04"", ""environment"": {""external_city"": ""Marseille"", ""external_temp"": ""18.0"", ""ambient_dc_temp"": ""19.8""}, ""current_fan_speed"": 20, ""load_percent"": ""46.00"", ""sensors"": [{""id"": 28, ""type"": ""TOTAL_POWER"", ""value"": ""283.80"", ""unit"": ""W""}, {""id"": 29, ""type"": ""FAN_SPEED_1"", ""value"": ""20.00"", ""unit"": ""%""}, {""id"": 30, ""type"": ""FAN_SPEED_2"", ""value"": ""20.00"", ""unit"": ""%""}, {""id"": 26, ""type"": ""LOAD"", ""value"": ""46.00"", ""unit"": ""%""}, {""id"": 27, ""type"": ""CPU_TEMP"", ""value"": ""41.24"", ""unit"": ""\u00b0C""}]}"
2026-05-18T12:00:00.000Z,marseille-marseille-zone-01,marseille-marseille-zone-01-worker-05,worker,marseille,46.0,41.29,20.0,283.8,19.8,18.0,,"{""timestamp"": ""2026-05-18T12:00:00.000Z"", ""hostname"": ""marseille-marseille-zone-01-worker-05"", ""environment"": {""external_city"": ""Marseille"", ""external_temp"": ""18.0"", ""ambient_dc_temp"": ""19.8""}, ""current_fan_speed"": 20, ""load_percent"": ""46.00"", ""sensors"": [{""id"": 33, ""type"": ""TOTAL_POWER"", ""value"": ""283.80"", ""unit"": ""W""}, {""id"": 34, ""type"": ""FAN_SPEED_1"", ""value"": ""20.00"", ""unit"": ""%""}, {""id"": 35, ""type"": ""FAN_SPEED_2"", ""value"": ""20.00"", ""unit"": ""%""}, {""id"": 31, ""type"": ""LOAD"", ""value"": ""46.00"", ""unit"": ""%""}, {""id"": 32, ""type"": ""CPU_TEMP"", ""value"": ""41.29"", ""unit"": ""\u00b0C""}]}"
2026-05-18T12:00:00.000Z,marseille-marseille-zone-01,marseille-marseille-zone-01-worker-06,worker,marseille,46.0,41.4,20.0,283.8,19.8,18.0,,"{""timestamp"": ""2026-05-18T12:00:00.000Z"", ""hostname"": ""marseille-marseille-zone-01-worker-06"", ""environment"": {""external_city"": ""Marseille"", ""external_temp"": ""18.0"", ""ambient_dc_temp"": ""19.8""}, ""current_fan_speed"": 20, ""load_percent"": ""46.00"", ""sensors"": [{""id"": 38, ""type"": ""TOTAL_POWER"", ""value"": ""283.80"", ""unit"": ""W""}, {""id"": 39, ""type"": ""FAN_SPEED_1"", ""value"": ""20.00"", ""unit"": ""%""}, {""id"": 40, ""type"": ""FAN_SPEED_2"", ""value"": ""20.00"", ""unit"": ""%""}, {""id"": 36, ""type"": ""LOAD"", ""value"": ""46.00"", ""unit"": ""%""}, {""id"": 37, ""type"": ""CPU_TEMP"", ""value"": ""41.40"", ""unit"": ""\u00b0C""}]}"
2026-05-18T12:00:00.000Z,marseille-marseille-zone-01,marseille-marseille-zone-01-worker-07,worker,marseille,46.0,41.39,20.0,283.8,19.8,18.0,,"{""timestamp"": ""2026-05-18T12:00:00.000Z"", ""hostname"": ""marseille-marseille-zone-01-worker-07"", ""environment"": {""external_city"": ""Marseille"", ""external_temp"": ""18.0"", ""ambient_dc_temp"": ""19.8""}, ""current_fan_speed"": 20, ""load_percent"": ""46.00"", ""sensors"": [{""id"": 43, ""type"": ""TOTAL_POWER"", ""value"": ""283.80"", ""unit"": ""W""}, {""id"": 44, ""type"": ""FAN_SPEED_1"", ""value"": ""20.00"", ""unit"": ""%""}, {""id"": 45, ""type"": ""FAN_SPEED_2"", ""value"": ""20.00"", ""unit"": ""%""}, {""id"": 41, ""type"": ""LOAD"", ""value"": ""46.00"", ""unit"": ""%""}, {""id"": 42, ""type"": ""CPU_TEMP"", ""value"": ""41.39"", ""unit"": ""\u00b0C""}]}"
2026-05-18T12:00:00.000Z,marseille-marseille-zone-01,marseille-marseille-zone-01-worker-08,worker,marseille,46.0,41.32,20.0,283.8,19.8,18.0,,"{""timestamp"": ""2026-05-18T12:00:00.000Z"", ""hostname"": ""marseille-marseille-zone-01-worker-08"", ""environment"": {""external_city"": ""Marseille"", ""external_temp"": ""18.0"", ""ambient_dc_temp"": ""19.8""}, ""current_fan_speed"": 20, ""load_percent"": ""46.00"", ""sensors"": [{""id"": 48, ""type"": ""TOTAL_POWER"", ""value"": ""283.80"", ""unit"": ""W""}, {""id"": 49, ""type"": ""FAN_SPEED_1"", ""value"": ""20.00"", ""unit"": ""%""}, {""id"": 50, ""type"": ""FAN_SPEED_2"", ""value"": ""20.00"", ""unit"": ""%""}, {""id"": 46, ""type"": ""LOAD"", ""value"": ""46.00"", ""unit"": ""%""}, {""id"": 47, ""type"": ""CPU_TEMP"", ""value"": ""41.32"", ""unit"": ""\u00b0C""}]}"
2026-05-18T13:00:00.000Z,marseille-marseille-zone-01,marseille-marseille-zone-01-master-01,master,marseille,12.0,24.34,20.0,171.6,19.8,18.0,,"{""timestamp"": ""2026-05-18T13:00:00.000Z"", ""hostname"": ""marseille-marseille-zone-01-master-01"", ""environment"": {""external_city"": ""Marseille"", ""external_temp"": ""18.0"", ""ambient_dc_temp"": ""19.8""}, ""current_fan_speed"": 20, ""load_percent"": ""12.00"", ""sensors"": [{""id"": 1, ""type"": ""LOAD"", ""value"": ""12.00"", ""unit"": ""%""}, {""id"": 2, ""type"": ""CPU_TEMP"", ""value"": ""24.34"", ""unit"": ""\u00b0C""}, {""id"": 3, ""type"": ""TOTAL_POWER"", ""value"": ""171.60"", ""unit"": ""W""}, {""id"": 4, ""type"": ""FAN_SPEED_1"", ""value"": ""20.00"", ""unit"": ""%""}, {""id"": 5, ""type"": ""FAN_SPEED_2"", ""value"": ""20.00"", ""unit"": ""%""}]}"
2026-05-18T13:00:00.000Z,marseille-marseille-zone-01,marseille-marseille-zone-01-master-02,master,marseille,12.0,24.3,20.0,171.6,19.8,18.0,,"{""timestamp"": ""2026-05-18T13:00:00.000Z"", ""hostname"": ""marseille-marseille-zone-01-master-02"", ""environment"": {""external_city"": ""Marseille"", ""external_temp"": ""18.0"", ""ambient_dc_temp"": ""19.8""}, ""current_fan_speed"": 20, ""load_percent"": ""12.00"", ""sensors"": [{""id"": 6, ""type"": ""LOAD"", ""value"": ""12.00"", ""unit"": ""%""}, {""id"": 8, ""type"": ""TOTAL_POWER"", ""value"": ""171.60"", ""unit"": ""W""}, {""id"": 9, ""type"": ""FAN_SPEED_1"", ""value"": ""20.00"", ""unit"": ""%""}, {""id"": 10, ""type"": ""FAN_SPEED_2"", ""value"": ""20.00"", ""unit"": ""%""}, {""id"": 7, ""type"": ""CPU_TEMP"", ""value"": ""24.30"", ""unit"": ""\u00b0C""}]}"
2026-05-18T13:00:00.000Z,marseille-marseille-zone-01,marseille-marseille-zone-01-worker-01,worker,marseille,20.0,28.33,20.0,198.0,19.8,18.0,,"{""timestamp"": ""2026-05-18T13:00:00.000Z"", ""hostname"": ""marseille-marseille-zone-01-worker-01"", ""environment"": {""external_city"": ""Marseille"", ""external_temp"": ""18.0"", ""ambient_dc_temp"": ""19.8""}, ""current_fan_speed"": 20, ""load_percent"": ""20.00"", ""sensors"": [{""id"": 15, ""type"": ""FAN_SPEED_2"", ""value"": ""20.00"", ""unit"": ""%""}, {""id"": 11, ""type"": ""LOAD"", ""value"": ""20.00"", ""unit"": ""%""}, {""id"": 12, ""type"": ""CPU_TEMP"", ""value"": ""28.33"", ""unit"": ""\u00b0C""}, {""id"": 13, ""type"": ""TOTAL_POWER"", ""value"": ""198.00"", ""unit"": ""W""}, {""id"": 14, ""type"": ""FAN_SPEED_1"", ""value"": ""20.00"", ""unit"": ""%""}]}"
2026-05-18T13:00:00.000Z,marseille-marseille-zone-01,marseille-marseille-zone-01-worker-02,worker,marseille,20.0,28.34,20.0,198.0,19.8,18.0,,"{""timestamp"": ""2026-05-18T13:00:00.000Z"", ""hostname"": ""marseille-marseille-zone-01-worker-02"", ""environment"": {""external_city"": ""Marseille"", ""external_temp"": ""18.0"", ""ambient_dc_temp"": ""19.8""}, ""current_fan_speed"": 20, ""load_percent"": ""20.00"", ""sensors"": [{""id"": 20, ""type"": ""FAN_SPEED_2"", ""value"": ""20.00"", ""unit"": ""%""}, {""id"": 16, ""type"": ""LOAD"", ""value"": ""20.00"", ""unit"": ""%""}, {""id"": 17, ""type"": ""CPU_TEMP"", ""value"": ""28.34"", ""unit"": ""\u00b0C""}, {""id"": 18, ""type"": ""TOTAL_POWER"", ""value"": ""198.00"", ""unit"": ""W""}, {""id"": 19, ""type"": ""FAN_SPEED_1"", ""value"": ""20.00"", ""unit"": ""%""}]}"
2026-05-18T13:00:00.000Z,marseille-marseille-zone-01,marseille-marseille-zone-01-worker-03,worker,marseille,20.0,28.39,20.0,198.0,19.8,18.0,,"{""timestamp"": ""2026-05-18T13:00:00.000Z"", ""hostname"": ""marseille-marseille-zone-01-worker-03"", ""environment"": {""external_city"": ""Marseille"", ""external_temp"": ""18.0"", ""ambient_dc_temp"": ""19.8""}, ""current_fan_speed"": 20, ""load_percent"": ""20.00"", ""sensors"": [{""id"": 25, ""type"": ""FAN_SPEED_2"", ""value"": ""20.00"", ""unit"": ""%""}, {""id"": 21, ""type"": ""LOAD"", ""value"": ""20.00"", ""unit"": ""%""}, {""id"": 22, ""type"": ""CPU_TEMP"", ""value"": ""28.39"", ""unit"": ""\u00b0C""}, {""id"": 23, ""type"": ""TOTAL_POWER"", ""value"": ""198.00"", ""unit"": ""W""}, {""id"": 24, ""type"": ""FAN_SPEED_1"", ""value"": ""20.00"", ""unit"": ""%""}]}"
2026-05-18T13:00:00.000Z,marseille-marseille-zone-01,marseille-marseille-zone-01-worker-04,worker,marseille,20.0,28.46,20.0,198.0,19.8,18.0,,"{""timestamp"": ""2026-05-18T13:00:00.000Z"", ""hostname"": ""marseille-marseille-zone-01-worker-04"", ""environment"": {""external_city"": ""Marseille"", ""external_temp"": ""18.0"", ""ambient_dc_temp"": ""19.8""}, ""current_fan_speed"": 20, ""load_percent"": ""20.00"", ""sensors"": [{""id"": 30, ""type"": ""FAN_SPEED_2"", ""value"": ""20.00"", ""unit"": ""%""}, {""id"": 26, ""type"": ""LOAD"", ""value"": ""20.00"", ""unit"": ""%""}, {""id"": 27, ""type"": ""CPU_TEMP"", ""value"": ""28.46"", ""unit"": ""\u00b0C""}, {""id"": 28, ""type"": ""TOTAL_POWER"", ""value"": ""198.00"", ""unit"": ""W""}, {""id"": 29, ""type"": ""FAN_SPEED_1"", ""value"": ""20.00"", ""unit"": ""%""}]}"
2026-05-18T13:00:00.000Z,marseille-marseille-zone-01,marseille-marseille-zone-01-worker-05,worker,marseille,20.0,28.3,20.0,198.0,19.8,18.0,,"{""timestamp"": ""2026-05-18T13:00:00.000Z"", ""hostname"": ""marseille-marseille-zone-01-worker-05"", ""environment"": {""external_city"": ""Marseille"", ""external_temp"": ""18.0"", ""ambient_dc_temp"": ""19.8""}, ""current_fan_speed"": 20, ""load_percent"": ""20.00"", ""sensors"": [{""id"": 35, ""type"": ""FAN_SPEED_2"", ""value"": ""20.00"", ""unit"": ""%""}, {""id"": 31, ""type"": ""LOAD"", ""value"": ""20.00"", ""unit"": ""%""}, {""id"": 32, ""type"": ""CPU_TEMP"", ""value"": ""28.30"", ""unit"": ""\u00b0C""}, {""id"": 33, ""type"": ""TOTAL_POWER"", ""value"": ""198.00"", ""unit"": ""W""}, {""id"": 34, ""type"": ""FAN_SPEED_1"", ""value"": ""20.00"", ""unit"": ""%""}]}"
2026-05-18T13:00:00.000Z,marseille-marseille-zone-01,marseille-marseille-zone-01-worker-06,worker,marseille,20.0,28.21,20.0,198.0,19.8,18.0,,"{""timestamp"": ""2026-05-18T13:00:00.000Z"", ""hostname"": ""marseille-marseille-zone-01-worker-06"", ""environment"": {""external_city"": ""Marseille"", ""external_temp"": ""18.0"", ""ambient_dc_temp"": ""19.8""}, ""current_fan_speed"": 20, ""load_percent"": ""20.00"", ""sensors"": [{""id"": 39, ""type"": ""FAN_SPEED_1"", ""value"": ""20.00"", ""unit"": ""%""}, {""id"": 40, ""type"": ""FAN_SPEED_2"", ""value"": ""20.00"", ""unit"": ""%""}, {""id"": 36, ""type"": ""LOAD"", ""value"": ""20.00"", ""unit"": ""%""}, {""id"": 37, ""type"": ""CPU_TEMP"", ""value"": ""28.21"", ""unit"": ""\u00b0C""}, {""id"": 38, ""type"": ""TOTAL_POWER"", ""value"": ""198.00"", ""unit"": ""W""}]}"
2026-05-18T13:00:00.000Z,marseille-marseille-zone-01,marseille-marseille-zone-01-worker-07,worker,marseille,20.0,28.2,20.0,198.0,19.8,18.0,,"{""timestamp"": ""2026-05-18T13:00:00.000Z"", ""hostname"": ""marseille-marseille-zone-01-worker-07"", ""environment"": {""external_city"": ""Marseille"", ""external_temp"": ""18.0"", ""ambient_dc_temp"": ""19.8""}, ""current_fan_speed"": 20, ""load_percent"": ""20.00"", ""sensors"": [{""id"": 44, ""type"": ""FAN_SPEED_1"", ""value"": ""20.00"", ""unit"": ""%""}, {""id"": 45, ""type"": ""FAN_SPEED_2"", ""value"": ""20.00"", ""unit"": ""%""}, {""id"": 41, ""type"": ""LOAD"", ""value"": ""20.00"", ""unit"": ""%""}, {""id"": 42, ""type"": ""CPU_TEMP"", ""value"": ""28.20"", ""unit"": ""\u00b0C""}, {""id"": 43, ""type"": ""TOTAL_POWER"", ""value"": ""198.00"", ""unit"": ""W""}]}"
2026-05-18T13:00:00.000Z,marseille-marseille-zone-01,marseille-marseille-zone-01-worker-08,worker,marseille,20.0,28.28,20.0,198.0,19.8,18.0,,"{""timestamp"": ""2026-05-18T13:00:00.000Z"", ""hostname"": ""marseille-marseille-zone-01-worker-08"", ""environment"": {""external_city"": ""Marseille"", ""external_temp"": ""18.0"", ""ambient_dc_temp"": ""19.8""}, ""current_fan_speed"": 20, ""load_percent"": ""20.00"", ""sensors"": [{""id"": 49, ""type"": ""FAN_SPEED_1"", ""value"": ""20.00"", ""unit"": ""%""}, {""id"": 50, ""type"": ""FAN_SPEED_2"", ""value"": ""20.00"", ""unit"": ""%""}, {""id"": 46, ""type"": ""LOAD"", ""value"": ""20.00"", ""unit"": ""%""}, {""id"": 47, ""type"": ""CPU_TEMP"", ""value"": ""28.28"", ""unit"": ""\u00b0C""}, {""id"": 48, ""type"": ""TOTAL_POWER"", ""value"": ""198.00"", ""unit"": ""W""}]}"
2026-05-18T14:00:00.000Z,marseille-marseille-zone-01,marseille-marseille-zone-01-master-01,master,marseille,12.0,24.35,20.0,171.6,19.8,18.0,,"{""timestamp"": ""2026-05-18T14:00:00.000Z"", ""hostname"": ""marseille-marseille-zone-01-master-01"", ""environment"": {""external_city"": ""Marseille"", ""external_temp"": ""18.0"", ""ambient_dc_temp"": ""19.8""}, ""current_fan_speed"": 20, ""load_percent"": ""12.00"", ""sensors"": [{""id"": 1, ""type"": ""LOAD"", ""value"": ""12.00"", ""unit"": ""%""}, {""id"": 2, ""type"": ""CPU_TEMP"", ""value"": ""24.35"", ""unit"": ""\u00b0C""}, {""id"": 3, ""type"": ""TOTAL_POWER"", ""value"": ""171.60"", ""unit"": ""W""}, {""id"": 4, ""type"": ""FAN_SPEED_1"", ""value"": ""20.00"", ""unit"": ""%""}, {""id"": 5, ""type"": ""FAN_SPEED_2"", ""value"": ""20.00"", ""unit"": ""%""}]}"
2026-05-18T14:00:00.000Z,marseille-marseille-zone-01,marseille-marseille-zone-01-master-02,master,marseille,12.0,24.28,20.0,171.6,19.8,18.0,,"{""timestamp"": ""2026-05-18T14:00:00.000Z"", ""hostname"": ""marseille-marseille-zone-01-master-02"", ""environment"": {""external_city"": ""Marseille"", ""external_temp"": ""18.0"", ""ambient_dc_temp"": ""19.8""}, ""current_fan_speed"": 20, ""load_percent"": ""12.00"", ""sensors"": [{""id"": 10, ""type"": ""FAN_SPEED_2"", ""value"": ""20.00"", ""unit"": ""%""}, {""id"": 7, ""type"": ""CPU_TEMP"", ""value"": ""24.28"", ""unit"": ""\u00b0C""}, {""id"": 6, ""type"": ""LOAD"", ""value"": ""12.00"", ""unit"": ""%""}, {""id"": 8, ""type"": ""TOTAL_POWER"", ""value"": ""171.60"", ""unit"": ""W""}, {""id"": 9, ""type"": ""FAN_SPEED_1"", ""value"": ""20.00"", ""unit"": ""%""}]}"
2026-05-18T14:00:00.000Z,marseille-marseille-zone-01,marseille-marseille-zone-01-worker-01,worker,marseille,20.0,28.44,20.0,198.0,19.8,18.0,,"{""timestamp"": ""2026-05-18T14:00:00.000Z"", ""hostname"": ""marseille-marseille-zone-01-worker-01"", ""environment"": {""external_city"": ""Marseille"", ""external_temp"": ""18.0"", ""ambient_dc_temp"": ""19.8""}, ""current_fan_speed"": 20, ""load_percent"": ""20.00"", ""sensors"": [{""id"": 15, ""type"": ""FAN_SPEED_2"", ""value"": ""20.00"", ""unit"": ""%""}, {""id"": 11, ""type"": ""LOAD"", ""value"": ""20.00"", ""unit"": ""%""}, {""id"": 12, ""type"": ""CPU_TEMP"", ""value"": ""28.44"", ""unit"": ""\u00b0C""}, {""id"": 13, ""type"": ""TOTAL_POWER"", ""value"": ""198.00"", ""unit"": ""W""}, {""id"": 14, ""type"": ""FAN_SPEED_1"", ""value"": ""20.00"", ""unit"": ""%""}]}"
2026-05-18T14:00:00.000Z,marseille-marseille-zone-01,marseille-marseille-zone-01-worker-02,worker,marseille,20.0,28.46,20.0,198.0,19.8,18.0,,"{""timestamp"": ""2026-05-18T14:00:00.000Z"", ""hostname"": ""marseille-marseille-zone-01-worker-02"", ""environment"": {""external_city"": ""Marseille"", ""external_temp"": ""18.0"", ""ambient_dc_temp"": ""19.8""}, ""current_fan_speed"": 20, ""load_percent"": ""20.00"", ""sensors"": [{""id"": 20, ""type"": ""FAN_SPEED_2"", ""value"": ""20.00"", ""unit"": ""%""}, {""id"": 16, ""type"": ""LOAD"", ""value"": ""20.00"", ""unit"": ""%""}, {""id"": 17, ""type"": ""CPU_TEMP"", ""value"": ""28.46"", ""unit"": ""\u00b0C""}, {""id"": 18, ""type"": ""TOTAL_POWER"", ""value"": ""198.00"", ""unit"": ""W""}, {""id"": 19, ""type"": ""FAN_SPEED_1"", ""value"": ""20.00"", ""unit"": ""%""}]}"
2026-05-18T14:00:00.000Z,marseille-marseille-zone-01,marseille-marseille-zone-01-worker-03,worker,marseille,20.0,28.36,20.0,198.0,19.8,18.0,,"{""timestamp"": ""2026-05-18T14:00:00.000Z"", ""hostname"": ""marseille-marseille-zone-01-worker-03"", ""environment"": {""external_city"": ""Marseille"", ""external_temp"": ""18.0"", ""ambient_dc_temp"": ""19.8""}, ""current_fan_speed"": 20, ""load_percent"": ""20.00"", ""sensors"": [{""id"": 25, ""type"": ""FAN_SPEED_2"", ""value"": ""20.00"", ""unit"": ""%""}, {""id"": 21, ""type"": ""LOAD"", ""value"": ""20.00"", ""unit"": ""%""}, {""id"": 22, ""type"": ""CPU_TEMP"", ""value"": ""28.36"", ""unit"": ""\u00b0C""}, {""id"": 23, ""type"": ""TOTAL_POWER"", ""value"": ""198.00"", ""unit"": ""W""}, {""id"": 24, ""type"": ""FAN_SPEED_1"", ""value"": ""20.00"", ""unit"": ""%""}]}"
2026-05-18T14:00:00.000Z,marseille-marseille-zone-01,marseille-marseille-zone-01-worker-04,worker,marseille,20.0,28.45,20.0,198.0,19.8,18.0,,"{""timestamp"": ""2026-05-18T14:00:00.000Z"", ""hostname"": ""marseille-marseille-zone-01-worker-04"", ""environment"": {""external_city"": ""Marseille"", ""external_temp"": ""18.0"", ""ambient_dc_temp"": ""19.8""}, ""current_fan_speed"": 20, ""load_percent"": ""20.00"", ""sensors"": [{""id"": 30, ""type"": ""FAN_SPEED_2"", ""value"": ""20.00"", ""unit"": ""%""}, {""id"": 26, ""type"": ""LOAD"", ""value"": ""20.00"", ""unit"": ""%""}, {""id"": 27, ""type"": ""CPU_TEMP"", ""value"": ""28.45"", ""unit"": ""\u00b0C""}, {""id"": 28, ""type"": ""TOTAL_POWER"", ""value"": ""198.00"", ""unit"": ""W""}, {""id"": 29, ""type"": ""FAN_SPEED_1"", ""value"": ""20.00"", ""unit"": ""%""}]}"
2026-05-18T14:00:00.000Z,marseille-marseille-zone-01,marseille-marseille-zone-01-worker-05,worker,marseille,20.0,28.4,20.0,198.0,19.8,18.0,,"{""timestamp"": ""2026-05-18T14:00:00.000Z"", ""hostname"": ""marseille-marseille-zone-01-worker-05"", ""environment"": {""external_city"": ""Marseille"", ""external_temp"": ""18.0"", ""ambient_dc_temp"": ""19.8""}, ""current_fan_speed"": 20, ""load_percent"": ""20.00"", ""sensors"": [{""id"": 35, ""type"": ""FAN_SPEED_2"", ""value"": ""20.00"", ""unit"": ""%""}, {""id"": 31, ""type"": ""LOAD"", ""value"": ""20.00"", ""unit"": ""%""}, {""id"": 32, ""type"": ""CPU_TEMP"", ""value"": ""28.40"", ""unit"": ""\u00b0C""}, {""id"": 33, ""type"": ""TOTAL_POWER"", ""value"": ""198.00"", ""unit"": ""W""}, {""id"": 34, ""type"": ""FAN_SPEED_1"", ""value"": ""20.00"", ""unit"": ""%""}]}"
2026-05-18T14:00:00.000Z,marseille-marseille-zone-01,marseille-marseille-zone-01-worker-06,worker,marseille,20.0,28.25,20.0,198.0,19.8,18.0,,"{""timestamp"": ""2026-05-18T14:00:00.000Z"", ""hostname"": ""marseille-marseille-zone-01-worker-06"", ""environment"": {""external_city"": ""Marseille"", ""external_temp"": ""18.0"", ""ambient_dc_temp"": ""19.8""}, ""current_fan_speed"": 20, ""load_percent"": ""20.00"", ""sensors"": [{""id"": 39, ""type"": ""FAN_SPEED_1"", ""value"": ""20.00"", ""unit"": ""%""}, {""id"": 40, ""type"": ""FAN_SPEED_2"", ""value"": ""20.00"", ""unit"": ""%""}, {""id"": 36, ""type"": ""LOAD"", ""value"": ""20.00"", ""unit"": ""%""}, {""id"": 37, ""type"": ""CPU_TEMP"", ""value"": ""28.25"", ""unit"": ""\u00b0C""}, {""id"": 38, ""type"": ""TOTAL_POWER"", ""value"": ""198.00"", ""unit"": ""W""}]}"
2026-05-18T14:00:00.000Z,marseille-marseille-zone-01,marseille-marseille-zone-01-worker-07,worker,marseille,20.0,28.21,20.0,198.0,19.8,18.0,,"{""timestamp"": ""2026-05-18T14:00:00.000Z"", ""hostname"": ""marseille-marseille-zone-01-worker-07"", ""environment"": {""external_city"": ""Marseille"", ""external_temp"": ""18.0"", ""ambient_dc_temp"": ""19.8""}, ""current_fan_speed"": 20, ""load_percent"": ""20.00"", ""sensors"": [{""id"": 44, ""type"": ""FAN_SPEED_1"", ""value"": ""20.00"", ""unit"": ""%""}, {""id"": 45, ""type"": ""FAN_SPEED_2"", ""value"": ""20.00"", ""unit"": ""%""}, {""id"": 41, ""type"": ""LOAD"", ""value"": ""20.00"", ""unit"": ""%""}, {""id"": 42, ""type"": ""CPU_TEMP"", ""value"": ""28.21"", ""unit"": ""\u00b0C""}, {""id"": 43, ""type"": ""TOTAL_POWER"", ""value"": ""198.00"", ""unit"": ""W""}]}"
2026-05-18T14:00:00.000Z,marseille-marseille-zone-01,marseille-marseille-zone-01-worker-08,worker,marseille,20.0,28.49,20.0,198.0,19.8,18.0,,"{""timestamp"": ""2026-05-18T14:00:00.000Z"", ""hostname"": ""marseille-marseille-zone-01-worker-08"", ""environment"": {""external_city"": ""Marseille"", ""external_temp"": ""18.0"", ""ambient_dc_temp"": ""19.8""}, ""current_fan_speed"": 20, ""load_percent"": ""20.00"", ""sensors"": [{""id"": 49, ""type"": ""FAN_SPEED_1"", ""value"": ""20.00"", ""unit"": ""%""}, {""id"": 50, ""type"": ""FAN_SPEED_2"", ""value"": ""20.00"", ""unit"": ""%""}, {""id"": 46, ""type"": ""LOAD"", ""value"": ""20.00"", ""unit"": ""%""}, {""id"": 47, ""type"": ""CPU_TEMP"", ""value"": ""28.49"", ""unit"": ""\u00b0C""}, {""id"": 48, ""type"": ""TOTAL_POWER"", ""value"": ""198.00"", ""unit"": ""W""}]}"
2026-05-18T15:00:00.000Z,marseille-marseille-zone-01,marseille-marseille-zone-01-master-01,master,marseille,12.0,24.36,20.0,171.6,19.8,18.0,,"{""timestamp"": ""2026-05-18T15:00:00.000Z"", ""hostname"": ""marseille-marseille-zone-01-master-01"", ""environment"": {""external_city"": ""Marseille"", ""external_temp"": ""18.0"", ""ambient_dc_temp"": ""19.8""}, ""current_fan_speed"": 20, ""load_percent"": ""12.00"", ""sensors"": [{""id"": 3, ""type"": ""TOTAL_POWER"", ""value"": ""171.60"", ""unit"": ""W""}, {""id"": 4, ""type"": ""FAN_SPEED_1"", ""value"": ""20.00"", ""unit"": ""%""}, {""id"": 5, ""type"": ""FAN_SPEED_2"", ""value"": ""20.00"", ""unit"": ""%""}, {""id"": 1, ""type"": ""LOAD"", ""value"": ""12.00"", ""unit"": ""%""}, {""id"": 2, ""type"": ""CPU_TEMP"", ""value"": ""24.36"", ""unit"": ""\u00b0C""}]}"
2026-05-18T15:00:00.000Z,marseille-marseille-zone-01,marseille-marseille-zone-01-master-02,master,marseille,12.0,24.36,20.0,171.6,19.8,18.0,,"{""timestamp"": ""2026-05-18T15:00:00.000Z"", ""hostname"": ""marseille-marseille-zone-01-master-02"", ""environment"": {""external_city"": ""Marseille"", ""external_temp"": ""18.0"", ""ambient_dc_temp"": ""19.8""}, ""current_fan_speed"": 20, ""load_percent"": ""12.00"", ""sensors"": [{""id"": 7, ""type"": ""CPU_TEMP"", ""value"": ""24.36"", ""unit"": ""\u00b0C""}, {""id"": 6, ""type"": ""LOAD"", ""value"": ""12.00"", ""unit"": ""%""}, {""id"": 8, ""type"": ""TOTAL_POWER"", ""value"": ""171.60"", ""unit"": ""W""}, {""id"": 9, ""type"": ""FAN_SPEED_1"", ""value"": ""20.00"", ""unit"": ""%""}, {""id"": 10, ""type"": ""FAN_SPEED_2"", ""value"": ""20.00"", ""unit"": ""%""}]}"
2026-05-18T15:00:00.000Z,marseille-marseille-zone-01,marseille-marseille-zone-01-worker-01,worker,marseille,20.0,28.29,20.0,198.0,19.8,18.0,,"{""timestamp"": ""2026-05-18T15:00:00.000Z"", ""hostname"": ""marseille-marseille-zone-01-worker-01"", ""environment"": {""external_city"": ""Marseille"", ""external_temp"": ""18.0"", ""ambient_dc_temp"": ""19.8""}, ""current_fan_speed"": 20, ""load_percent"": ""20.00"", ""sensors"": [{""id"": 11, ""type"": ""LOAD"", ""value"": ""20.00"", ""unit"": ""%""}, {""id"": 12, ""type"": ""CPU_TEMP"", ""value"": ""28.29"", ""unit"": ""\u00b0C""}, {""id"": 13, ""type"": ""TOTAL_POWER"", ""value"": ""198.00"", ""unit"": ""W""}, {""id"": 14, ""type"": ""FAN_SPEED_1"", ""value"": ""20.00"", ""unit"": ""%""}, {""id"": 15, ""type"": ""FAN_SPEED_2"", ""value"": ""20.00"", ""unit"": ""%""}]}"
2026-05-18T15:00:00.000Z,marseille-marseille-zone-01,marseille-marseille-zone-01-worker-02,worker,marseille,20.0,28.47,20.0,198.0,19.8,18.0,,"{""timestamp"": ""2026-05-18T15:00:00.000Z"", ""hostname"": ""marseille-marseille-zone-01-worker-02"", ""environment"": {""external_city"": ""Marseille"", ""external_temp"": ""18.0"", ""ambient_dc_temp"": ""19.8""}, ""current_fan_speed"": 20, ""load_percent"": ""20.00"", ""sensors"": [{""id"": 17, ""type"": ""CPU_TEMP"", ""value"": ""28.47"", ""unit"": ""\u00b0C""}, {""id"": 18, ""type"": ""TOTAL_POWER"", ""value"": ""198.00"", ""unit"": ""W""}, {""id"": 19, ""type"": ""FAN_SPEED_1"", ""value"": ""20.00"", ""unit"": ""%""}, {""id"": 20, ""type"": ""FAN_SPEED_2"", ""value"": ""20.00"", ""unit"": ""%""}, {""id"": 16, ""type"": ""LOAD"", ""value"": ""20.00"", ""unit"": ""%""}]}"
2026-05-18T15:00:00.000Z,marseille-marseille-zone-01,marseille-marseille-zone-01-worker-03,worker,marseille,20.0,28.34,20.0,198.0,19.8,18.0,,"{""timestamp"": ""2026-05-18T15:00:00.000Z"", ""hostname"": ""marseille-marseille-zone-01-worker-03"", ""environment"": {""external_city"": ""Marseille"", ""external_temp"": ""18.0"", ""ambient_dc_temp"": ""19.8""}, ""current_fan_speed"": 20, ""load_percent"": ""20.00"", ""sensors"": [{""id"": 25, ""type"": ""FAN_SPEED_2"", ""value"": ""20.00"", ""unit"": ""%""}, {""id"": 21, ""type"": ""LOAD"", ""value"": ""20.00"", ""unit"": ""%""}, {""id"": 22, ""type"": ""CPU_TEMP"", ""value"": ""28.34"", ""unit"": ""\u00b0C""}, {""id"": 23, ""type"": ""TOTAL_POWER"", ""value"": ""198.00"", ""unit"": ""W""}, {""id"": 24, ""type"": ""FAN_SPEED_1"", ""value"": ""20.00"", ""unit"": ""%""}]}"
2026-05-18T15:00:00.000Z,marseille-marseille-zone-01,marseille-marseille-zone-01-worker-04,worker,marseille,20.0,28.47,20.0,198.0,19.8,18.0,,"{""timestamp"": ""2026-05-18T15:00:00.000Z"", ""hostname"": ""marseille-marseille-zone-01-worker-04"", ""environment"": {""external_city"": ""Marseille"", ""external_temp"": ""18.0"", ""ambient_dc_temp"": ""19.8""}, ""current_fan_speed"": 20, ""load_percent"": ""20.00"", ""sensors"": [{""id"": 26, ""type"": ""LOAD"", ""value"": ""20.00"", ""unit"": ""%""}, {""id"": 27, ""type"": ""CPU_TEMP"", ""value"": ""28.47"", ""unit"": ""\u00b0C""}, {""id"": 28, ""type"": ""TOTAL_POWER"", ""value"": ""198.00"", ""unit"": ""W""}, {""id"": 29, ""type"": ""FAN_SPEED_1"", ""value"": ""20.00"", ""unit"": ""%""}, {""id"": 30, ""type"": ""FAN_SPEED_2"", ""value"": ""20.00"", ""unit"": ""%""}]}"
2026-05-18T15:00:00.000Z,marseille-marseille-zone-01,marseille-marseille-zone-01-worker-05,worker,marseille,20.0,28.49,20.0,198.0,19.8,18.0,,"{""timestamp"": ""2026-05-18T15:00:00.000Z"", ""hostname"": ""marseille-marseille-zone-01-worker-05"", ""environment"": {""external_city"": ""Marseille"", ""external_temp"": ""18.0"", ""ambient_dc_temp"": ""19.8""}, ""current_fan_speed"": 20, ""load_percent"": ""20.00"", ""sensors"": [{""id"": 32, ""type"": ""CPU_TEMP"", ""value"": ""28.49"", ""unit"": ""\u00b0C""}, {""id"": 33, ""type"": ""TOTAL_POWER"", ""value"": ""198.00"", ""unit"": ""W""}, {""id"": 34, ""type"": ""FAN_SPEED_1"", ""value"": ""20.00"", ""unit"": ""%""}, {""id"": 35, ""type"": ""FAN_SPEED_2"", ""value"": ""20.00"", ""unit"": ""%""}, {""id"": 31, ""type"": ""LOAD"", ""value"": ""20.00"", ""unit"": ""%""}]}"
2026-05-18T15:00:00.000Z,marseille-marseille-zone-01,marseille-marseille-zone-01-worker-06,worker,marseille,20.0,28.2,20.0,198.0,19.8,18.0,,"{""timestamp"": ""2026-05-18T15:00:00.000Z"", ""hostname"": ""marseille-marseille-zone-01-worker-06"", ""environment"": {""external_city"": ""Marseille"", ""external_temp"": ""18.0"", ""ambient_dc_temp"": ""19.8""}, ""current_fan_speed"": 20, ""load_percent"": ""20.00"", ""sensors"": [{""id"": 36, ""type"": ""LOAD"", ""value"": ""20.00"", ""unit"": ""%""}, {""id"": 37, ""type"": ""CPU_TEMP"", ""value"": ""28.20"", ""unit"": ""\u00b0C""}, {""id"": 38, ""type"": ""TOTAL_POWER"", ""value"": ""198.00"", ""unit"": ""W""}, {""id"": 39, ""type"": ""FAN_SPEED_1"", ""value"": ""20.00"", ""unit"": ""%""}, {""id"": 40, ""type"": ""FAN_SPEED_2"", ""value"": ""20.00"", ""unit"": ""%""}]}"
2026-05-18T15:00:00.000Z,marseille-marseille-zone-01,marseille-marseille-zone-01-worker-07,worker,marseille,20.0,28.32,20.0,198.0,19.8,18.0,,"{""timestamp"": ""2026-05-18T15:00:00.000Z"", ""hostname"": ""marseille-marseille-zone-01-worker-07"", ""environment"": {""external_city"": ""Marseille"", ""external_temp"": ""18.0"", ""ambient_dc_temp"": ""19.8""}, ""current_fan_speed"": 20, ""load_percent"": ""20.00"", ""sensors"": [{""id"": 45, ""type"": ""FAN_SPEED_2"", ""value"": ""20.00"", ""unit"": ""%""}, {""id"": 41, ""type"": ""LOAD"", ""value"": ""20.00"", ""unit"": ""%""}, {""id"": 42, ""type"": ""CPU_TEMP"", ""value"": ""28.32"", ""unit"": ""\u00b0C""}, {""id"": 43, ""type"": ""TOTAL_POWER"", ""value"": ""198.00"", ""unit"": ""W""}, {""id"": 44, ""type"": ""FAN_SPEED_1"", ""value"": ""20.00"", ""unit"": ""%""}]}"
2026-05-18T15:00:00.000Z,marseille-marseille-zone-01,marseille-marseille-zone-01-worker-08,worker,marseille,20.0,28.21,20.0,198.0,19.8,18.0,,"{""timestamp"": ""2026-05-18T15:00:00.000Z"", ""hostname"": ""marseille-marseille-zone-01-worker-08"", ""environment"": {""external_city"": ""Marseille"", ""external_temp"": ""18.0"", ""ambient_dc_temp"": ""19.8""}, ""current_fan_speed"": 20, ""load_percent"": ""20.00"", ""sensors"": [{""id"": 46, ""type"": ""LOAD"", ""value"": ""20.00"", ""unit"": ""%""}, {""id"": 47, ""type"": ""CPU_TEMP"", ""value"": ""28.21"", ""unit"": ""\u00b0C""}, {""id"": 48, ""type"": ""TOTAL_POWER"", ""value"": ""198.00"", ""unit"": ""W""}, {""id"": 49, ""type"": ""FAN_SPEED_1"", ""value"": ""20.00"", ""unit"": ""%""}, {""id"": 50, ""type"": ""FAN_SPEED_2"", ""value"": ""20.00"", ""unit"": ""%""}]}"
2026-05-18T16:00:00.000Z,marseille-marseille-zone-01,marseille-marseille-zone-01-master-01,master,marseille,12.0,24.25,20.0,171.6,19.8,18.0,,"{""timestamp"": ""2026-05-18T16:00:00.000Z"", ""hostname"": ""marseille-marseille-zone-01-master-01"", ""environment"": {""external_city"": ""Marseille"", ""external_temp"": ""18.0"", ""ambient_dc_temp"": ""19.8""}, ""current_fan_speed"": 20, ""load_percent"": ""12.00"", ""sensors"": [{""id"": 5, ""type"": ""FAN_SPEED_2"", ""value"": ""20.00"", ""unit"": ""%""}, {""id"": 1, ""type"": ""LOAD"", ""value"": ""12.00"", ""unit"": ""%""}, {""id"": 2, ""type"": ""CPU_TEMP"", ""value"": ""24.25"", ""unit"": ""\u00b0C""}, {""id"": 3, ""type"": ""TOTAL_POWER"", ""value"": ""171.60"", ""unit"": ""W""}, {""id"": 4, ""type"": ""FAN_SPEED_1"", ""value"": ""20.00"", ""unit"": ""%""}]}"
2026-05-18T16:00:00.000Z,marseille-marseille-zone-01,marseille-marseille-zone-01-master-02,master,marseille,12.0,24.32,20.0,171.6,19.8,18.0,,"{""timestamp"": ""2026-05-18T16:00:00.000Z"", ""hostname"": ""marseille-marseille-zone-01-master-02"", ""environment"": {""external_city"": ""Marseille"", ""external_temp"": ""18.0"", ""ambient_dc_temp"": ""19.8""}, ""current_fan_speed"": 20, ""load_percent"": ""12.00"", ""sensors"": [{""id"": 10, ""type"": ""FAN_SPEED_2"", ""value"": ""20.00"", ""unit"": ""%""}, {""id"": 7, ""type"": ""CPU_TEMP"", ""value"": ""24.32"", ""unit"": ""\u00b0C""}, {""id"": 6, ""type"": ""LOAD"", ""value"": ""12.00"", ""unit"": ""%""}, {""id"": 8, ""type"": ""TOTAL_POWER"", ""value"": ""171.60"", ""unit"": ""W""}, {""id"": 9, ""type"": ""FAN_SPEED_1"", ""value"": ""20.00"", ""unit"": ""%""}]}"
2026-05-18T16:00:00.000Z,marseille-marseille-zone-01,marseille-marseille-zone-01-worker-01,worker,marseille,20.0,28.45,20.0,198.0,19.8,18.0,,"{""timestamp"": ""2026-05-18T16:00:00.000Z"", ""hostname"": ""marseille-marseille-zone-01-worker-01"", ""environment"": {""external_city"": ""Marseille"", ""external_temp"": ""18.0"", ""ambient_dc_temp"": ""19.8""}, ""current_fan_speed"": 20, ""load_percent"": ""20.00"", ""sensors"": [{""id"": 15, ""type"": ""FAN_SPEED_2"", ""value"": ""20.00"", ""unit"": ""%""}, {""id"": 11, ""type"": ""LOAD"", ""value"": ""20.00"", ""unit"": ""%""}, {""id"": 12, ""type"": ""CPU_TEMP"", ""value"": ""28.45"", ""unit"": ""\u00b0C""}, {""id"": 13, ""type"": ""TOTAL_POWER"", ""value"": ""198.00"", ""unit"": ""W""}, {""id"": 14, ""type"": ""FAN_SPEED_1"", ""value"": ""20.00"", ""unit"": ""%""}]}"
2026-05-18T16:00:00.000Z,marseille-marseille-zone-01,marseille-marseille-zone-01-worker-02,worker,marseille,20.0,28.22,20.0,198.0,19.8,18.0,,"{""timestamp"": ""2026-05-18T16:00:00.000Z"", ""hostname"": ""marseille-marseille-zone-01-worker-02"", ""environment"": {""external_city"": ""Marseille"", ""external_temp"": ""18.0"", ""ambient_dc_temp"": ""19.8""}, ""current_fan_speed"": 20, ""load_percent"": ""20.00"", ""sensors"": [{""id"": 20, ""type"": ""FAN_SPEED_2"", ""value"": ""20.00"", ""unit"": ""%""}, {""id"": 16, ""type"": ""LOAD"", ""value"": ""20.00"", ""unit"": ""%""}, {""id"": 17, ""type"": ""CPU_TEMP"", ""value"": ""28.22"", ""unit"": ""\u00b0C""}, {""id"": 18, ""type"": ""TOTAL_POWER"", ""value"": ""198.00"", ""unit"": ""W""}, {""id"": 19, ""type"": ""FAN_SPEED_1"", ""value"": ""20.00"", ""unit"": ""%""}]}"
2026-05-18T16:00:00.000Z,marseille-marseille-zone-01,marseille-marseille-zone-01-worker-03,worker,marseille,20.0,28.26,20.0,198.0,19.8,18.0,,"{""timestamp"": ""2026-05-18T16:00:00.000Z"", ""hostname"": ""marseille-marseille-zone-01-worker-03"", ""environment"": {""external_city"": ""Marseille"", ""external_temp"": ""18.0"", ""ambient_dc_temp"": ""19.8""}, ""current_fan_speed"": 20, ""load_percent"": ""20.00"", ""sensors"": [{""id"": 23, ""type"": ""TOTAL_POWER"", ""value"": ""198.00"", ""unit"": ""W""}, {""id"": 24, ""type"": ""FAN_SPEED_1"", ""value"": ""20.00"", ""unit"": ""%""}, {""id"": 25, ""type"": ""FAN_SPEED_2"", ""value"": ""20.00"", ""unit"": ""%""}, {""id"": 21, ""type"": ""LOAD"", ""value"": ""20.00"", ""unit"": ""%""}, {""id"": 22, ""type"": ""CPU_TEMP"", ""value"": ""28.26"", ""unit"": ""\u00b0C""}]}"
2026-05-18T16:00:00.000Z,marseille-marseille-zone-01,marseille-marseille-zone-01-worker-04,worker,marseille,20.0,28.21,20.0,198.0,19.8,18.0,,"{""timestamp"": ""2026-05-18T16:00:00.000Z"", ""hostname"": ""marseille-marseille-zone-01-worker-04"", ""environment"": {""external_city"": ""Marseille"", ""external_temp"": ""18.0"", ""ambient_dc_temp"": ""19.8""}, ""current_fan_speed"": 20, ""load_percent"": ""20.00"", ""sensors"": [{""id"": 30, ""type"": ""FAN_SPEED_2"", ""value"": ""20.00"", ""unit"": ""%""}, {""id"": 26, ""type"": ""LOAD"", ""value"": ""20.00"", ""unit"": ""%""}, {""id"": 27, ""type"": ""CPU_TEMP"", ""value"": ""28.21"", ""unit"": ""\u00b0C""}, {""id"": 28, ""type"": ""TOTAL_POWER"", ""value"": ""198.00"", ""unit"": ""W""}, {""id"": 29, ""type"": ""FAN_SPEED_1"", ""value"": ""20.00"", ""unit"": ""%""}]}"
2026-05-18T16:00:00.000Z,marseille-marseille-zone-01,marseille-marseille-zone-01-worker-05,worker,marseille,20.0,28.39,20.0,198.0,19.8,18.0,,"{""timestamp"": ""2026-05-18T16:00:00.000Z"", ""hostname"": ""marseille-marseille-zone-01-worker-05"", ""environment"": {""external_city"": ""Marseille"", ""external_temp"": ""18.0"", ""ambient_dc_temp"": ""19.8""}, ""current_fan_speed"": 20, ""load_percent"": ""20.00"", ""sensors"": [{""id"": 34, ""type"": ""FAN_SPEED_1"", ""value"": ""20.00"", ""unit"": ""%""}, {""id"": 35, ""type"": ""FAN_SPEED_2"", ""value"": ""20.00"", ""unit"": ""%""}, {""id"": 31, ""type"": ""LOAD"", ""value"": ""20.00"", ""unit"": ""%""}, {""id"": 32, ""type"": ""CPU_TEMP"", ""value"": ""28.39"", ""unit"": ""\u00b0C""}, {""id"": 33, ""type"": ""TOTAL_POWER"", ""value"": ""198.00"", ""unit"": ""W""}]}"
2026-05-18T16:00:00.000Z,marseille-marseille-zone-01,marseille-marseille-zone-01-worker-06,worker,marseille,20.0,28.29,20.0,198.0,19.8,18.0,,"{""timestamp"": ""2026-05-18T16:00:00.000Z"", ""hostname"": ""marseille-marseille-zone-01-worker-06"", ""environment"": {""external_city"": ""Marseille"", ""external_temp"": ""18.0"", ""ambient_dc_temp"": ""19.8""}, ""current_fan_speed"": 20, ""load_percent"": ""20.00"", ""sensors"": [{""id"": 37, ""type"": ""CPU_TEMP"", ""value"": ""28.29"", ""unit"": ""\u00b0C""}, {""id"": 38, ""type"": ""TOTAL_POWER"", ""value"": ""198.00"", ""unit"": ""W""}, {""id"": 39, ""type"": ""FAN_SPEED_1"", ""value"": ""20.00"", ""unit"": ""%""}, {""id"": 40, ""type"": ""FAN_SPEED_2"", ""value"": ""20.00"", ""unit"": ""%""}, {""id"": 36, ""type"": ""LOAD"", ""value"": ""20.00"", ""unit"": ""%""}]}"
2026-05-18T16:00:00.000Z,marseille-marseille-zone-01,marseille-marseille-zone-01-worker-07,worker,marseille,20.0,28.36,20.0,198.0,19.8,18.0,,"{""timestamp"": ""2026-05-18T16:00:00.000Z"", ""hostname"": ""marseille-marseille-zone-01-worker-07"", ""environment"": {""external_city"": ""Marseille"", ""external_temp"": ""18.0"", ""ambient_dc_temp"": ""19.8""}, ""current_fan_speed"": 20, ""load_percent"": ""20.00"", ""sensors"": [{""id"": 43, ""type"": ""TOTAL_POWER"", ""value"": ""198.00"", ""unit"": ""W""}, {""id"": 44, ""type"": ""FAN_SPEED_1"", ""value"": ""20.00"", ""unit"": ""%""}, {""id"": 45, ""type"": ""FAN_SPEED_2"", ""value"": ""20.00"", ""unit"": ""%""}, {""id"": 41, ""type"": ""LOAD"", ""value"": ""20.00"", ""unit"": ""%""}, {""id"": 42, ""type"": ""CPU_TEMP"", ""value"": ""28.36"", ""unit"": ""\u00b0C""}]}"
2026-05-18T16:00:00.000Z,marseille-marseille-zone-01,marseille-marseille-zone-01-worker-08,worker,marseille,20.0,28.47,20.0,198.0,19.8,18.0,,"{""timestamp"": ""2026-05-18T16:00:00.000Z"", ""hostname"": ""marseille-marseille-zone-01-worker-08"", ""environment"": {""external_city"": ""Marseille"", ""external_temp"": ""18.0"", ""ambient_dc_temp"": ""19.8""}, ""current_fan_speed"": 20, ""load_percent"": ""20.00"", ""sensors"": [{""id"": 49, ""type"": ""FAN_SPEED_1"", ""value"": ""20.00"", ""unit"": ""%""}, {""id"": 50, ""type"": ""FAN_SPEED_2"", ""value"": ""20.00"", ""unit"": ""%""}, {""id"": 46, ""type"": ""LOAD"", ""value"": ""20.00"", ""unit"": ""%""}, {""id"": 47, ""type"": ""CPU_TEMP"", ""value"": ""28.47"", ""unit"": ""\u00b0C""}, {""id"": 48, ""type"": ""TOTAL_POWER"", ""value"": ""198.00"", ""unit"": ""W""}]}"
2026-05-18T17:00:00.000Z,marseille-marseille-zone-01,marseille-marseille-zone-01-master-01,master,marseille,12.0,24.48,20.0,171.6,19.8,18.0,,"{""timestamp"": ""2026-05-18T17:00:00.000Z"", ""hostname"": ""marseille-marseille-zone-01-master-01"", ""environment"": {""external_city"": ""Marseille"", ""external_temp"": ""18.0"", ""ambient_dc_temp"": ""19.8""}, ""current_fan_speed"": 20, ""load_percent"": ""12.00"", ""sensors"": [{""id"": 5, ""type"": ""FAN_SPEED_2"", ""value"": ""20.00"", ""unit"": ""%""}, {""id"": 4, ""type"": ""FAN_SPEED_1"", ""value"": ""20.00"", ""unit"": ""%""}, {""id"": 1, ""type"": ""LOAD"", ""value"": ""12.00"", ""unit"": ""%""}, {""id"": 2, ""type"": ""CPU_TEMP"", ""value"": ""24.48"", ""unit"": ""\u00b0C""}, {""id"": 3, ""type"": ""TOTAL_POWER"", ""value"": ""171.60"", ""unit"": ""W""}]}"
2026-05-18T17:00:00.000Z,marseille-marseille-zone-01,marseille-marseille-zone-01-master-02,master,marseille,12.0,24.2,20.0,171.6,19.8,18.0,,"{""timestamp"": ""2026-05-18T17:00:00.000Z"", ""hostname"": ""marseille-marseille-zone-01-master-02"", ""environment"": {""external_city"": ""Marseille"", ""external_temp"": ""18.0"", ""ambient_dc_temp"": ""19.8""}, ""current_fan_speed"": 20, ""load_percent"": ""12.00"", ""sensors"": [{""id"": 10, ""type"": ""FAN_SPEED_2"", ""value"": ""20.00"", ""unit"": ""%""}, {""id"": 7, ""type"": ""CPU_TEMP"", ""value"": ""24.20"", ""unit"": ""\u00b0C""}, {""id"": 6, ""type"": ""LOAD"", ""value"": ""12.00"", ""unit"": ""%""}, {""id"": 8, ""type"": ""TOTAL_POWER"", ""value"": ""171.60"", ""unit"": ""W""}, {""id"": 9, ""type"": ""FAN_SPEED_1"", ""value"": ""20.00"", ""unit"": ""%""}]}"
2026-05-18T17:00:00.000Z,marseille-marseille-zone-01,marseille-marseille-zone-01-worker-01,worker,marseille,20.0,28.48,20.0,198.0,19.8,18.0,,"{""timestamp"": ""2026-05-18T17:00:00.000Z"", ""hostname"": ""marseille-marseille-zone-01-worker-01"", ""environment"": {""external_city"": ""Marseille"", ""external_temp"": ""18.0"", ""ambient_dc_temp"": ""19.8""}, ""current_fan_speed"": 20, ""load_percent"": ""20.00"", ""sensors"": [{""id"": 15, ""type"": ""FAN_SPEED_2"", ""value"": ""20.00"", ""unit"": ""%""}, {""id"": 11, ""type"": ""LOAD"", ""value"": ""20.00"", ""unit"": ""%""}, {""id"": 12, ""type"": ""CPU_TEMP"", ""value"": ""28.48"", ""unit"": ""\u00b0C""}, {""id"": 13, ""type"": ""TOTAL_POWER"", ""value"": ""198.00"", ""unit"": ""W""}, {""id"": 14, ""type"": ""FAN_SPEED_1"", ""value"": ""20.00"", ""unit"": ""%""}]}"
2026-05-18T17:00:00.000Z,marseille-marseille-zone-01,marseille-marseille-zone-01-worker-02,worker,marseille,20.0,28.48,20.0,198.0,19.8,18.0,,"{""timestamp"": ""2026-05-18T17:00:00.000Z"", ""hostname"": ""marseille-marseille-zone-01-worker-02"", ""environment"": {""external_city"": ""Marseille"", ""external_temp"": ""18.0"", ""ambient_dc_temp"": ""19.8""}, ""current_fan_speed"": 20, ""load_percent"": ""20.00"", ""sensors"": [{""id"": 20, ""type"": ""FAN_SPEED_2"", ""value"": ""20.00"", ""unit"": ""%""}, {""id"": 16, ""type"": ""LOAD"", ""value"": ""20.00"", ""unit"": ""%""}, {""id"": 19, ""type"": ""FAN_SPEED_1"", ""value"": ""20.00"", ""unit"": ""%""}, {""id"": 17, ""type"": ""CPU_TEMP"", ""value"": ""28.48"", ""unit"": ""\u00b0C""}, {""id"": 18, ""type"": ""TOTAL_POWER"", ""value"": ""198.00"", ""unit"": ""W""}]}"
2026-05-18T17:00:00.000Z,marseille-marseille-zone-01,marseille-marseille-zone-01-worker-03,worker,marseille,20.0,28.33,20.0,198.0,19.8,18.0,,"{""timestamp"": ""2026-05-18T17:00:00.000Z"", ""hostname"": ""marseille-marseille-zone-01-worker-03"", ""environment"": {""external_city"": ""Marseille"", ""external_temp"": ""18.0"", ""ambient_dc_temp"": ""19.8""}, ""current_fan_speed"": 20, ""load_percent"": ""20.00"", ""sensors"": [{""id"": 23, ""type"": ""TOTAL_POWER"", ""value"": ""198.00"", ""unit"": ""W""}, {""id"": 24, ""type"": ""FAN_SPEED_1"", ""value"": ""20.00"", ""unit"": ""%""}, {""id"": 25, ""type"": ""FAN_SPEED_2"", ""value"": ""20.00"", ""unit"": ""%""}, {""id"": 21, ""type"": ""LOAD"", ""value"": ""20.00"", ""unit"": ""%""}, {""id"": 22, ""type"": ""CPU_TEMP"", ""value"": ""28.33"", ""unit"": ""\u00b0C""}]}"
2026-05-18T17:00:00.000Z,marseille-marseille-zone-01,marseille-marseille-zone-01-worker-04,worker,marseille,20.0,28.26,20.0,198.0,19.8,18.0,,"{""timestamp"": ""2026-05-18T17:00:00.000Z"", ""hostname"": ""marseille-marseille-zone-01-worker-04"", ""environment"": {""external_city"": ""Marseille"", ""external_temp"": ""18.0"", ""ambient_dc_temp"": ""19.8""}, ""current_fan_speed"": 20, ""load_percent"": ""20.00"", ""sensors"": [{""id"": 30, ""type"": ""FAN_SPEED_2"", ""value"": ""20.00"", ""unit"": ""%""}, {""id"": 26, ""type"": ""LOAD"", ""value"": ""20.00"", ""unit"": ""%""}, {""id"": 28, ""type"": ""TOTAL_POWER"", ""value"": ""198.00"", ""unit"": ""W""}, {""id"": 29, ""type"": ""FAN_SPEED_1"", ""value"": ""20.00"", ""unit"": ""%""}, {""id"": 27, ""type"": ""CPU_TEMP"", ""value"": ""28.26"", ""unit"": ""\u00b0C""}]}"
2026-05-18T17:00:00.000Z,marseille-marseille-zone-01,marseille-marseille-zone-01-worker-05,worker,marseille,20.0,28.44,20.0,198.0,19.8,18.0,,"{""timestamp"": ""2026-05-18T17:00:00.000Z"", ""hostname"": ""marseille-marseille-zone-01-worker-05"", ""environment"": {""external_city"": ""Marseille"", ""external_temp"": ""18.0"", ""ambient_dc_temp"": ""19.8""}, ""current_fan_speed"": 20, ""load_percent"": ""20.00"", ""sensors"": [{""id"": 34, ""type"": ""FAN_SPEED_1"", ""value"": ""20.00"", ""unit"": ""%""}, {""id"": 35, ""type"": ""FAN_SPEED_2"", ""value"": ""20.00"", ""unit"": ""%""}, {""id"": 31, ""type"": ""LOAD"", ""value"": ""20.00"", ""unit"": ""%""}, {""id"": 32, ""type"": ""CPU_TEMP"", ""value"": ""28.44"", ""unit"": ""\u00b0C""}, {""id"": 33, ""type"": ""TOTAL_POWER"", ""value"": ""198.00"", ""unit"": ""W""}]}"
2026-05-18T17:00:00.000Z,marseille-marseille-zone-01,marseille-marseille-zone-01-worker-06,worker,marseille,20.0,28.22,20.0,198.0,19.8,18.0,,"{""timestamp"": ""2026-05-18T17:00:00.000Z"", ""hostname"": ""marseille-marseille-zone-01-worker-06"", ""environment"": {""external_city"": ""Marseille"", ""external_temp"": ""18.0"", ""ambient_dc_temp"": ""19.8""}, ""current_fan_speed"": 20, ""load_percent"": ""20.00"", ""sensors"": [{""id"": 37, ""type"": ""CPU_TEMP"", ""value"": ""28.22"", ""unit"": ""\u00b0C""}, {""id"": 38, ""type"": ""TOTAL_POWER"", ""value"": ""198.00"", ""unit"": ""W""}, {""id"": 39, ""type"": ""FAN_SPEED_1"", ""value"": ""20.00"", ""unit"": ""%""}, {""id"": 40, ""type"": ""FAN_SPEED_2"", ""value"": ""20.00"", ""unit"": ""%""}, {""id"": 36, ""type"": ""LOAD"", ""value"": ""20.00"", ""unit"": ""%""}]}"
2026-05-18T17:00:00.000Z,marseille-marseille-zone-01,marseille-marseille-zone-01-worker-07,worker,marseille,20.0,28.36,20.0,198.0,19.8,18.0,,"{""timestamp"": ""2026-05-18T17:00:00.000Z"", ""hostname"": ""marseille-marseille-zone-01-worker-07"", ""environment"": {""external_city"": ""Marseille"", ""external_temp"": ""18.0"", ""ambient_dc_temp"": ""19.8""}, ""current_fan_speed"": 20, ""load_percent"": ""20.00"", ""sensors"": [{""id"": 42, ""type"": ""CPU_TEMP"", ""value"": ""28.36"", ""unit"": ""\u00b0C""}, {""id"": 43, ""type"": ""TOTAL_POWER"", ""value"": ""198.00"", ""unit"": ""W""}, {""id"": 44, ""type"": ""FAN_SPEED_1"", ""value"": ""20.00"", ""unit"": ""%""}, {""id"": 45, ""type"": ""FAN_SPEED_2"", ""value"": ""20.00"", ""unit"": ""%""}, {""id"": 41, ""type"": ""LOAD"", ""value"": ""20.00"", ""unit"": ""%""}]}"
2026-05-18T17:00:00.000Z,marseille-marseille-zone-01,marseille-marseille-zone-01-worker-08,worker,marseille,20.0,28.39,20.0,198.0,19.8,18.0,,"{""timestamp"": ""2026-05-18T17:00:00.000Z"", ""hostname"": ""marseille-marseille-zone-01-worker-08"", ""environment"": {""external_city"": ""Marseille"", ""external_temp"": ""18.0"", ""ambient_dc_temp"": ""19.8""}, ""current_fan_speed"": 20, ""load_percent"": ""20.00"", ""sensors"": [{""id"": 47, ""type"": ""CPU_TEMP"", ""value"": ""28.39"", ""unit"": ""\u00b0C""}, {""id"": 48, ""type"": ""TOTAL_POWER"", ""value"": ""198.00"", ""unit"": ""W""}, {""id"": 49, ""type"": ""FAN_SPEED_1"", ""value"": ""20.00"", ""unit"": ""%""}, {""id"": 50, ""type"": ""FAN_SPEED_2"", ""value"": ""20.00"", ""unit"": ""%""}, {""id"": 46, ""type"": ""LOAD"", ""value"": ""20.00"", ""unit"": ""%""}]}"
2026-05-18T18:00:00.000Z,marseille-marseille-zone-01,marseille-marseille-zone-01-master-01,master,marseille,12.0,24.26,20.0,171.6,19.8,18.0,,"{""timestamp"": ""2026-05-18T18:00:00.000Z"", ""hostname"": ""marseille-marseille-zone-01-master-01"", ""environment"": {""external_city"": ""Marseille"", ""external_temp"": ""18.0"", ""ambient_dc_temp"": ""19.8""}, ""current_fan_speed"": 20, ""load_percent"": ""12.00"", ""sensors"": [{""id"": 3, ""type"": ""TOTAL_POWER"", ""value"": ""171.60"", ""unit"": ""W""}, {""id"": 4, ""type"": ""FAN_SPEED_1"", ""value"": ""20.00"", ""unit"": ""%""}, {""id"": 1, ""type"": ""LOAD"", ""value"": ""12.00"", ""unit"": ""%""}, {""id"": 2, ""type"": ""CPU_TEMP"", ""value"": ""24.26"", ""unit"": ""\u00b0C""}, {""id"": 5, ""type"": ""FAN_SPEED_2"", ""value"": ""20.00"", ""unit"": ""%""}]}"
2026-05-18T18:00:00.000Z,marseille-marseille-zone-01,marseille-marseille-zone-01-master-02,master,marseille,12.0,24.37,20.0,171.6,19.8,18.0,,"{""timestamp"": ""2026-05-18T18:00:00.000Z"", ""hostname"": ""marseille-marseille-zone-01-master-02"", ""environment"": {""external_city"": ""Marseille"", ""external_temp"": ""18.0"", ""ambient_dc_temp"": ""19.8""}, ""current_fan_speed"": 20, ""load_percent"": ""12.00"", ""sensors"": [{""id"": 10, ""type"": ""FAN_SPEED_2"", ""value"": ""20.00"", ""unit"": ""%""}, {""id"": 8, ""type"": ""TOTAL_POWER"", ""value"": ""171.60"", ""unit"": ""W""}, {""id"": 9, ""type"": ""FAN_SPEED_1"", ""value"": ""20.00"", ""unit"": ""%""}, {""id"": 7, ""type"": ""CPU_TEMP"", ""value"": ""24.37"", ""unit"": ""\u00b0C""}, {""id"": 6, ""type"": ""LOAD"", ""value"": ""12.00"", ""unit"": ""%""}]}"
2026-05-18T18:00:00.000Z,marseille-marseille-zone-01,marseille-marseille-zone-01-worker-01,worker,marseille,20.0,28.3,20.0,198.0,19.8,18.0,,"{""timestamp"": ""2026-05-18T18:00:00.000Z"", ""hostname"": ""marseille-marseille-zone-01-worker-01"", ""environment"": {""external_city"": ""Marseille"", ""external_temp"": ""18.0"", ""ambient_dc_temp"": ""19.8""}, ""current_fan_speed"": 20, ""load_percent"": ""20.00"", ""sensors"": [{""id"": 11, ""type"": ""LOAD"", ""value"": ""20.00"", ""unit"": ""%""}, {""id"": 13, ""type"": ""TOTAL_POWER"", ""value"": ""198.00"", ""unit"": ""W""}, {""id"": 14, ""type"": ""FAN_SPEED_1"", ""value"": ""20.00"", ""unit"": ""%""}, {""id"": 12, ""type"": ""CPU_TEMP"", ""value"": ""28.30"", ""unit"": ""\u00b0C""}, {""id"": 15, ""type"": ""FAN_SPEED_2"", ""value"": ""20.00"", ""unit"": ""%""}]}"
2026-05-18T18:00:00.000Z,marseille-marseille-zone-01,marseille-marseille-zone-01-worker-02,worker,marseille,20.0,28.23,20.0,198.0,19.8,18.0,,"{""timestamp"": ""2026-05-18T18:00:00.000Z"", ""hostname"": ""marseille-marseille-zone-01-worker-02"", ""environment"": {""external_city"": ""Marseille"", ""external_temp"": ""18.0"", ""ambient_dc_temp"": ""19.8""}, ""current_fan_speed"": 20, ""load_percent"": ""20.00"", ""sensors"": [{""id"": 20, ""type"": ""FAN_SPEED_2"", ""value"": ""20.00"", ""unit"": ""%""}, {""id"": 16, ""type"": ""LOAD"", ""value"": ""20.00"", ""unit"": ""%""}, {""id"": 19, ""type"": ""FAN_SPEED_1"", ""value"": ""20.00"", ""unit"": ""%""}, {""id"": 17, ""type"": ""CPU_TEMP"", ""value"": ""28.23"", ""unit"": ""\u00b0C""}, {""id"": 18, ""type"": ""TOTAL_POWER"", ""value"": ""198.00"", ""unit"": ""W""}]}"
2026-05-18T18:00:00.000Z,marseille-marseille-zone-01,marseille-marseille-zone-01-worker-03,worker,marseille,20.0,28.24,20.0,198.0,19.8,18.0,,"{""timestamp"": ""2026-05-18T18:00:00.000Z"", ""hostname"": ""marseille-marseille-zone-01-worker-03"", ""environment"": {""external_city"": ""Marseille"", ""external_temp"": ""18.0"", ""ambient_dc_temp"": ""19.8""}, ""current_fan_speed"": 20, ""load_percent"": ""20.00"", ""sensors"": [{""id"": 23, ""type"": ""TOTAL_POWER"", ""value"": ""198.00"", ""unit"": ""W""}, {""id"": 24, ""type"": ""FAN_SPEED_1"", ""value"": ""20.00"", ""unit"": ""%""}, {""id"": 25, ""type"": ""FAN_SPEED_2"", ""value"": ""20.00"", ""unit"": ""%""}, {""id"": 21, ""type"": ""LOAD"", ""value"": ""20.00"", ""unit"": ""%""}, {""id"": 22, ""type"": ""CPU_TEMP"", ""value"": ""28.24"", ""unit"": ""\u00b0C""}]}"
2026-05-18T18:00:00.000Z,marseille-marseille-zone-01,marseille-marseille-zone-01-worker-04,worker,marseille,20.0,28.24,20.0,198.0,19.8,18.0,,"{""timestamp"": ""2026-05-18T18:00:00.000Z"", ""hostname"": ""marseille-marseille-zone-01-worker-04"", ""environment"": {""external_city"": ""Marseille"", ""external_temp"": ""18.0"", ""ambient_dc_temp"": ""19.8""}, ""current_fan_speed"": 20, ""load_percent"": ""20.00"", ""sensors"": [{""id"": 30, ""type"": ""FAN_SPEED_2"", ""value"": ""20.00"", ""unit"": ""%""}, {""id"": 26, ""type"": ""LOAD"", ""value"": ""20.00"", ""unit"": ""%""}, {""id"": 28, ""type"": ""TOTAL_POWER"", ""value"": ""198.00"", ""unit"": ""W""}, {""id"": 29, ""type"": ""FAN_SPEED_1"", ""value"": ""20.00"", ""unit"": ""%""}, {""id"": 27, ""type"": ""CPU_TEMP"", ""value"": ""28.24"", ""unit"": ""\u00b0C""}]}"
2026-05-18T18:00:00.000Z,marseille-marseille-zone-01,marseille-marseille-zone-01-worker-05,worker,marseille,20.0,28.28,20.0,198.0,19.8,18.0,,"{""timestamp"": ""2026-05-18T18:00:00.000Z"", ""hostname"": ""marseille-marseille-zone-01-worker-05"", ""environment"": {""external_city"": ""Marseille"", ""external_temp"": ""18.0"", ""ambient_dc_temp"": ""19.8""}, ""current_fan_speed"": 20, ""load_percent"": ""20.00"", ""sensors"": [{""id"": 34, ""type"": ""FAN_SPEED_1"", ""value"": ""20.00"", ""unit"": ""%""}, {""id"": 35, ""type"": ""FAN_SPEED_2"", ""value"": ""20.00"", ""unit"": ""%""}, {""id"": 31, ""type"": ""LOAD"", ""value"": ""20.00"", ""unit"": ""%""}, {""id"": 32, ""type"": ""CPU_TEMP"", ""value"": ""28.28"", ""unit"": ""\u00b0C""}, {""id"": 33, ""type"": ""TOTAL_POWER"", ""value"": ""198.00"", ""unit"": ""W""}]}"
2026-05-18T18:00:00.000Z,marseille-marseille-zone-01,marseille-marseille-zone-01-worker-06,worker,marseille,20.0,28.26,20.0,198.0,19.8,18.0,,"{""timestamp"": ""2026-05-18T18:00:00.000Z"", ""hostname"": ""marseille-marseille-zone-01-worker-06"", ""environment"": {""external_city"": ""Marseille"", ""external_temp"": ""18.0"", ""ambient_dc_temp"": ""19.8""}, ""current_fan_speed"": 20, ""load_percent"": ""20.00"", ""sensors"": [{""id"": 37, ""type"": ""CPU_TEMP"", ""value"": ""28.26"", ""unit"": ""\u00b0C""}, {""id"": 38, ""type"": ""TOTAL_POWER"", ""value"": ""198.00"", ""unit"": ""W""}, {""id"": 39, ""type"": ""FAN_SPEED_1"", ""value"": ""20.00"", ""unit"": ""%""}, {""id"": 40, ""type"": ""FAN_SPEED_2"", ""value"": ""20.00"", ""unit"": ""%""}, {""id"": 36, ""type"": ""LOAD"", ""value"": ""20.00"", ""unit"": ""%""}]}"
2026-05-18T18:00:00.000Z,marseille-marseille-zone-01,marseille-marseille-zone-01-worker-07,worker,marseille,20.0,28.2,20.0,198.0,19.8,18.0,,"{""timestamp"": ""2026-05-18T18:00:00.000Z"", ""hostname"": ""marseille-marseille-zone-01-worker-07"", ""environment"": {""external_city"": ""Marseille"", ""external_temp"": ""18.0"", ""ambient_dc_temp"": ""19.8""}, ""current_fan_speed"": 20, ""load_percent"": ""20.00"", ""sensors"": [{""id"": 42, ""type"": ""CPU_TEMP"", ""value"": ""28.20"", ""unit"": ""\u00b0C""}, {""id"": 43, ""type"": ""TOTAL_POWER"", ""value"": ""198.00"", ""unit"": ""W""}, {""id"": 44, ""type"": ""FAN_SPEED_1"", ""value"": ""20.00"", ""unit"": ""%""}, {""id"": 45, ""type"": ""FAN_SPEED_2"", ""value"": ""20.00"", ""unit"": ""%""}, {""id"": 41, ""type"": ""LOAD"", ""value"": ""20.00"", ""unit"": ""%""}]}"
2026-05-18T18:00:00.000Z,marseille-marseille-zone-01,marseille-marseille-zone-01-worker-08,worker,marseille,20.0,28.46,20.0,198.0,19.8,18.0,,"{""timestamp"": ""2026-05-18T18:00:00.000Z"", ""hostname"": ""marseille-marseille-zone-01-worker-08"", ""environment"": {""external_city"": ""Marseille"", ""external_temp"": ""18.0"", ""ambient_dc_temp"": ""19.8""}, ""current_fan_speed"": 20, ""load_percent"": ""20.00"", ""sensors"": [{""id"": 47, ""type"": ""CPU_TEMP"", ""value"": ""28.46"", ""unit"": ""\u00b0C""}, {""id"": 48, ""type"": ""TOTAL_POWER"", ""value"": ""198.00"", ""unit"": ""W""}, {""id"": 49, ""type"": ""FAN_SPEED_1"", ""value"": ""20.00"", ""unit"": ""%""}, {""id"": 50, ""type"": ""FAN_SPEED_2"", ""value"": ""20.00"", ""unit"": ""%""}, {""id"": 46, ""type"": ""LOAD"", ""value"": ""20.00"", ""unit"": ""%""}]}"
2026-05-18T19:00:00.000Z,marseille-marseille-zone-01,marseille-marseille-zone-01-master-01,master,marseille,12.0,24.34,20.0,171.6,19.8,18.0,,"{""timestamp"": ""2026-05-18T19:00:00.000Z"", ""hostname"": ""marseille-marseille-zone-01-master-01"", ""environment"": {""external_city"": ""Marseille"", ""external_temp"": ""18.0"", ""ambient_dc_temp"": ""19.8""}, ""current_fan_speed"": 20, ""load_percent"": ""12.00"", ""sensors"": [{""id"": 2, ""type"": ""CPU_TEMP"", ""value"": ""24.34"", ""unit"": ""\u00b0C""}, {""id"": 5, ""type"": ""FAN_SPEED_2"", ""value"": ""20.00"", ""unit"": ""%""}, {""id"": 3, ""type"": ""TOTAL_POWER"", ""value"": ""171.60"", ""unit"": ""W""}, {""id"": 4, ""type"": ""FAN_SPEED_1"", ""value"": ""20.00"", ""unit"": ""%""}, {""id"": 1, ""type"": ""LOAD"", ""value"": ""12.00"", ""unit"": ""%""}]}"
2026-05-18T19:00:00.000Z,marseille-marseille-zone-01,marseille-marseille-zone-01-master-02,master,marseille,12.0,24.3,20.0,171.6,19.8,18.0,,"{""timestamp"": ""2026-05-18T19:00:00.000Z"", ""hostname"": ""marseille-marseille-zone-01-master-02"", ""environment"": {""external_city"": ""Marseille"", ""external_temp"": ""18.0"", ""ambient_dc_temp"": ""19.8""}, ""current_fan_speed"": 20, ""load_percent"": ""12.00"", ""sensors"": [{""id"": 10, ""type"": ""FAN_SPEED_2"", ""value"": ""20.00"", ""unit"": ""%""}, {""id"": 8, ""type"": ""TOTAL_POWER"", ""value"": ""171.60"", ""unit"": ""W""}, {""id"": 9, ""type"": ""FAN_SPEED_1"", ""value"": ""20.00"", ""unit"": ""%""}, {""id"": 7, ""type"": ""CPU_TEMP"", ""value"": ""24.30"", ""unit"": ""\u00b0C""}, {""id"": 6, ""type"": ""LOAD"", ""value"": ""12.00"", ""unit"": ""%""}]}"
2026-05-18T19:00:00.000Z,marseille-marseille-zone-01,marseille-marseille-zone-01-worker-01,worker,marseille,20.0,28.31,20.0,198.0,19.8,18.0,,"{""timestamp"": ""2026-05-18T19:00:00.000Z"", ""hostname"": ""marseille-marseille-zone-01-worker-01"", ""environment"": {""external_city"": ""Marseille"", ""external_temp"": ""18.0"", ""ambient_dc_temp"": ""19.8""}, ""current_fan_speed"": 20, ""load_percent"": ""20.00"", ""sensors"": [{""id"": 11, ""type"": ""LOAD"", ""value"": ""20.00"", ""unit"": ""%""}, {""id"": 13, ""type"": ""TOTAL_POWER"", ""value"": ""198.00"", ""unit"": ""W""}, {""id"": 14, ""type"": ""FAN_SPEED_1"", ""value"": ""20.00"", ""unit"": ""%""}, {""id"": 12, ""type"": ""CPU_TEMP"", ""value"": ""28.31"", ""unit"": ""\u00b0C""}, {""id"": 15, ""type"": ""FAN_SPEED_2"", ""value"": ""20.00"", ""unit"": ""%""}]}"
2026-05-18T19:00:00.000Z,marseille-marseille-zone-01,marseille-marseille-zone-01-worker-02,worker,marseille,20.0,28.42,20.0,198.0,19.8,18.0,,"{""timestamp"": ""2026-05-18T19:00:00.000Z"", ""hostname"": ""marseille-marseille-zone-01-worker-02"", ""environment"": {""external_city"": ""Marseille"", ""external_temp"": ""18.0"", ""ambient_dc_temp"": ""19.8""}, ""current_fan_speed"": 20, ""load_percent"": ""20.00"", ""sensors"": [{""id"": 20, ""type"": ""FAN_SPEED_2"", ""value"": ""20.00"", ""unit"": ""%""}, {""id"": 16, ""type"": ""LOAD"", ""value"": ""20.00"", ""unit"": ""%""}, {""id"": 19, ""type"": ""FAN_SPEED_1"", ""value"": ""20.00"", ""unit"": ""%""}, {""id"": 17, ""type"": ""CPU_TEMP"", ""value"": ""28.42"", ""unit"": ""\u00b0C""}, {""id"": 18, ""type"": ""TOTAL_POWER"", ""value"": ""198.00"", ""unit"": ""W""}]}"
2026-05-18T19:00:00.000Z,marseille-marseille-zone-01,marseille-marseille-zone-01-worker-03,worker,marseille,20.0,28.3,20.0,198.0,19.8,18.0,,"{""timestamp"": ""2026-05-18T19:00:00.000Z"", ""hostname"": ""marseille-marseille-zone-01-worker-03"", ""environment"": {""external_city"": ""Marseille"", ""external_temp"": ""18.0"", ""ambient_dc_temp"": ""19.8""}, ""current_fan_speed"": 20, ""load_percent"": ""20.00"", ""sensors"": [{""id"": 22, ""type"": ""CPU_TEMP"", ""value"": ""28.30"", ""unit"": ""\u00b0C""}, {""id"": 23, ""type"": ""TOTAL_POWER"", ""value"": ""198.00"", ""unit"": ""W""}, {""id"": 24, ""type"": ""FAN_SPEED_1"", ""value"": ""20.00"", ""unit"": ""%""}, {""id"": 25, ""type"": ""FAN_SPEED_2"", ""value"": ""20.00"", ""unit"": ""%""}, {""id"": 21, ""type"": ""LOAD"", ""value"": ""20.00"", ""unit"": ""%""}]}"
2026-05-18T19:00:00.000Z,marseille-marseille-zone-01,marseille-marseille-zone-01-worker-04,worker,marseille,20.0,28.37,20.0,198.0,19.8,18.0,,"{""timestamp"": ""2026-05-18T19:00:00.000Z"", ""hostname"": ""marseille-marseille-zone-01-worker-04"", ""environment"": {""external_city"": ""Marseille"", ""external_temp"": ""18.0"", ""ambient_dc_temp"": ""19.8""}, ""current_fan_speed"": 20, ""load_percent"": ""20.00"", ""sensors"": [{""id"": 30, ""type"": ""FAN_SPEED_2"", ""value"": ""20.00"", ""unit"": ""%""}, {""id"": 26, ""type"": ""LOAD"", ""value"": ""20.00"", ""unit"": ""%""}, {""id"": 28, ""type"": ""TOTAL_POWER"", ""value"": ""198.00"", ""unit"": ""W""}, {""id"": 29, ""type"": ""FAN_SPEED_1"", ""value"": ""20.00"", ""unit"": ""%""}, {""id"": 27, ""type"": ""CPU_TEMP"", ""value"": ""28.37"", ""unit"": ""\u00b0C""}]}"
2026-05-18T19:00:00.000Z,marseille-marseille-zone-01,marseille-marseille-zone-01-worker-05,worker,marseille,20.0,28.38,20.0,198.0,19.8,18.0,,"{""timestamp"": ""2026-05-18T19:00:00.000Z"", ""hostname"": ""marseille-marseille-zone-01-worker-05"", ""environment"": {""external_city"": ""Marseille"", ""external_temp"": ""18.0"", ""ambient_dc_temp"": ""19.8""}, ""current_fan_speed"": 20, ""load_percent"": ""20.00"", ""sensors"": [{""id"": 34, ""type"": ""FAN_SPEED_1"", ""value"": ""20.00"", ""unit"": ""%""}, {""id"": 35, ""type"": ""FAN_SPEED_2"", ""value"": ""20.00"", ""unit"": ""%""}, {""id"": 31, ""type"": ""LOAD"", ""value"": ""20.00"", ""unit"": ""%""}, {""id"": 32, ""type"": ""CPU_TEMP"", ""value"": ""28.38"", ""unit"": ""\u00b0C""}, {""id"": 33, ""type"": ""TOTAL_POWER"", ""value"": ""198.00"", ""unit"": ""W""}]}"
2026-05-18T19:00:00.000Z,marseille-marseille-zone-01,marseille-marseille-zone-01-worker-06,worker,marseille,20.0,28.37,20.0,198.0,19.8,18.0,,"{""timestamp"": ""2026-05-18T19:00:00.000Z"", ""hostname"": ""marseille-marseille-zone-01-worker-06"", ""environment"": {""external_city"": ""Marseille"", ""external_temp"": ""18.0"", ""ambient_dc_temp"": ""19.8""}, ""current_fan_speed"": 20, ""load_percent"": ""20.00"", ""sensors"": [{""id"": 37, ""type"": ""CPU_TEMP"", ""value"": ""28.37"", ""unit"": ""\u00b0C""}, {""id"": 38, ""type"": ""TOTAL_POWER"", ""value"": ""198.00"", ""unit"": ""W""}, {""id"": 39, ""type"": ""FAN_SPEED_1"", ""value"": ""20.00"", ""unit"": ""%""}, {""id"": 40, ""type"": ""FAN_SPEED_2"", ""value"": ""20.00"", ""unit"": ""%""}, {""id"": 36, ""type"": ""LOAD"", ""value"": ""20.00"", ""unit"": ""%""}]}"
2026-05-18T19:00:00.000Z,marseille-marseille-zone-01,marseille-marseille-zone-01-worker-07,worker,marseille,20.0,28.42,20.0,198.0,19.8,18.0,,"{""timestamp"": ""2026-05-18T19:00:00.000Z"", ""hostname"": ""marseille-marseille-zone-01-worker-07"", ""environment"": {""external_city"": ""Marseille"", ""external_temp"": ""18.0"", ""ambient_dc_temp"": ""19.8""}, ""current_fan_speed"": 20, ""load_percent"": ""20.00"", ""sensors"": [{""id"": 42, ""type"": ""CPU_TEMP"", ""value"": ""28.42"", ""unit"": ""\u00b0C""}, {""id"": 43, ""type"": ""TOTAL_POWER"", ""value"": ""198.00"", ""unit"": ""W""}, {""id"": 44, ""type"": ""FAN_SPEED_1"", ""value"": ""20.00"", ""unit"": ""%""}, {""id"": 45, ""type"": ""FAN_SPEED_2"", ""value"": ""20.00"", ""unit"": ""%""}, {""id"": 41, ""type"": ""LOAD"", ""value"": ""20.00"", ""unit"": ""%""}]}"
2026-05-18T19:00:00.000Z,marseille-marseille-zone-01,marseille-marseille-zone-01-worker-08,worker,marseille,20.0,28.3,20.0,198.0,19.8,18.0,,"{""timestamp"": ""2026-05-18T19:00:00.000Z"", ""hostname"": ""marseille-marseille-zone-01-worker-08"", ""environment"": {""external_city"": ""Marseille"", ""external_temp"": ""18.0"", ""ambient_dc_temp"": ""19.8""}, ""current_fan_speed"": 20, ""load_percent"": ""20.00"", ""sensors"": [{""id"": 47, ""type"": ""CPU_TEMP"", ""value"": ""28.30"", ""unit"": ""\u00b0C""}, {""id"": 48, ""type"": ""TOTAL_POWER"", ""value"": ""198.00"", ""unit"": ""W""}, {""id"": 49, ""type"": ""FAN_SPEED_1"", ""value"": ""20.00"", ""unit"": ""%""}, {""id"": 50, ""type"": ""FAN_SPEED_2"", ""value"": ""20.00"", ""unit"": ""%""}, {""id"": 46, ""type"": ""LOAD"", ""value"": ""20.00"", ""unit"": ""%""}]}"
